-- phpMyAdmin SQL Dump
-- version 3.5.2.2
-- http://www.phpmyadmin.net
--
-- Host: 127.0.0.1
-- Generation Time: Apr 30, 2013 at 05:09 AM
-- Server version: 5.5.27
-- PHP Version: 5.4.7

SET SQL_MODE="NO_AUTO_VALUE_ON_ZERO";
SET time_zone = "+00:00";


/*!40101 SET @OLD_CHARACTER_SET_CLIENT=@@CHARACTER_SET_CLIENT */;
/*!40101 SET @OLD_CHARACTER_SET_RESULTS=@@CHARACTER_SET_RESULTS */;
/*!40101 SET @OLD_COLLATION_CONNECTION=@@COLLATION_CONNECTION */;
/*!40101 SET NAMES utf8 */;

--
-- Database: `makibis`
--

-- --------------------------------------------------------

--
-- Table structure for table `admin`
--

CREATE TABLE IF NOT EXISTS `admin` (
  `admin_id` int(11) NOT NULL AUTO_INCREMENT,
  `admin_username` varchar(255) DEFAULT NULL,
  `admin_password` varchar(255) DEFAULT NULL,
  PRIMARY KEY (`admin_id`)
) ENGINE=InnoDB DEFAULT CHARSET=latin1 AUTO_INCREMENT=1 ;

-- --------------------------------------------------------

--
-- Table structure for table `class`
--

CREATE TABLE IF NOT EXISTS `class` (
  `class_id` int(11) NOT NULL AUTO_INCREMENT,
  `class` varchar(45) DEFAULT NULL,
  `phylum_phylum_id` int(11) NOT NULL,
  PRIMARY KEY (`class_id`),
  KEY `fk_class_phylum1` (`phylum_phylum_id`)
) ENGINE=InnoDB  DEFAULT CHARSET=latin1 AUTO_INCREMENT=11 ;

--
-- Dumping data for table `class`
--

INSERT INTO `class` (`class_id`, `class`, `phylum_phylum_id`) VALUES
(1, 'Magnoliopsida', 1),
(2, 'Spermatopsida', 1),
(3, 'Liliopsida', 1),
(4, 'Aves', 2),
(5, 'Mammalia', 2),
(6, 'Amphibia', 2),
(7, 'Polypodiopsida', 1),
(8, 'Lycopodiopsida', 3),
(9, 'Marattiopsida', 1),
(10, 'Isoetopsida', 3);

-- --------------------------------------------------------

--
-- Table structure for table `conservation_status`
--

CREATE TABLE IF NOT EXISTS `conservation_status` (
  `conservation_status_id` int(11) NOT NULL AUTO_INCREMENT,
  `status` varchar(1023) DEFAULT NULL,
  `species_taxon_id` int(11) NOT NULL,
  PRIMARY KEY (`conservation_status_id`)
) ENGINE=InnoDB  DEFAULT CHARSET=latin1 AUTO_INCREMENT=729 ;

--
-- Dumping data for table `conservation_status`
--

INSERT INTO `conservation_status` (`conservation_status_id`, `status`, `species_taxon_id`) VALUES
(1, '-', 1),
(2, '-', 2),
(3, '-', 3),
(4, '-', 4),
(5, '-', 5),
(6, '-', 6),
(7, '-', 7),
(8, '-', 8),
(9, '-', 9),
(10, '-', 10),
(11, '-', 11),
(12, '-', 14),
(15, '-', 17),
(17, '-', 19),
(18, '-', 20),
(19, '-', 21),
(20, '-', 22),
(21, '-', 23),
(22, '-', 24),
(23, '-', 25),
(24, '-', 26),
(25, '-', 27),
(26, '-', 28),
(27, '-', 29),
(28, '-', 30),
(29, '-', 31),
(30, '-', 32),
(31, '-', 33),
(32, '-', 34),
(33, '-', 35),
(34, '-', 36),
(35, '-', 37),
(36, '-', 38),
(37, '-', 39),
(38, '-', 40),
(39, '-', 41),
(40, '-', 42),
(41, '-', 43),
(42, '-', 44),
(43, '-', 45),
(44, '-', 46),
(45, '-', 47),
(46, '-', 48),
(47, '-', 49),
(48, '-', 50),
(49, '-', 51),
(50, '-', 52),
(51, '-', 53),
(52, '-', 54),
(53, '-', 55),
(54, '-', 56),
(55, '-', 57),
(56, '-', 58),
(57, '-', 59),
(58, '-', 60),
(59, '-', 61),
(60, '-', 62),
(61, '-', 63),
(62, '-', 64),
(63, '-', 65),
(64, '-', 66),
(65, '-', 67),
(66, '-', 68),
(67, '-', 69),
(68, '-', 70),
(69, '-', 71),
(70, '-', 72),
(71, '-', 73),
(72, '-', 74),
(73, '-', 75),
(74, '-', 76),
(75, '-', 77),
(76, '-', 78),
(77, '-', 79),
(78, '-', 80),
(79, '-', 81),
(80, '-', 82),
(81, '-', 84),
(82, '-', 85),
(83, '-', 86),
(84, '-', 87),
(85, '-', 88),
(86, '-', 89),
(87, '-', 90),
(88, '-', 91),
(89, '-', 92),
(90, '-', 93),
(91, '-', 94),
(92, '-', 95),
(93, '-', 96),
(94, '-', 97),
(95, '-', 98),
(96, '-', 99),
(97, '-', 100),
(98, '-', 101),
(99, '-', 102),
(100, '-', 103),
(101, '-', 104),
(102, '-', 105),
(103, '-', 106),
(104, '-', 107),
(105, '-', 108),
(106, '-', 109),
(107, '-', 110),
(108, '-', 111),
(109, '-', 112),
(110, '-', 113),
(111, '-', 114),
(112, '-', 115),
(113, '-', 116),
(114, '-', 117),
(115, '-', 118),
(116, '-', 119),
(117, '-', 120),
(118, '-', 121),
(119, '-', 122),
(120, '-', 123),
(121, '-', 124),
(122, '-', 125),
(123, '-', 126),
(124, '-', 127),
(125, '-', 128),
(126, '-', 129),
(127, '-', 130),
(128, '-', 131),
(130, '-', 133),
(131, '-', 134),
(132, '-', 135),
(133, '-', 136),
(134, '-', 137),
(135, '-', 138),
(137, '-', 140),
(138, '-', 141),
(139, '-', 142),
(140, '-', 143),
(141, '-', 144),
(142, '-', 145),
(143, '-', 146),
(144, '-', 147),
(145, '-', 148),
(146, '-', 149),
(147, '-', 150),
(148, '-', 151),
(149, '-', 152),
(150, '-', 153),
(151, '-', 154),
(152, '-', 155),
(153, '-', 156),
(154, '-', 157),
(156, '-', 159),
(157, '-', 160),
(158, '-', 161),
(159, '-', 162),
(160, '-', 163),
(161, '-', 164),
(162, '-', 165),
(165, '-', 168),
(166, '-', 169),
(167, '-', 170),
(168, '-', 171),
(169, '-', 172),
(170, '-', 173),
(171, '-', 174),
(172, '-', 175),
(173, '-', 176),
(174, '-', 177),
(176, '-', 179),
(177, '-', 180),
(178, '-', 181),
(179, '-', 182),
(180, '-', 183),
(181, '-', 184),
(182, '-', 185),
(183, '-', 186),
(184, '-', 187),
(185, '-', 188),
(186, '-', 189),
(187, '-', 190),
(188, '-', 191),
(189, '-', 192),
(190, '-', 193),
(191, '-', 194),
(192, '-', 195),
(193, '-', 196),
(194, '-', 197),
(195, '-', 198),
(196, '-', 199),
(197, '-', 200),
(198, '-', 201),
(199, '-', 202),
(200, '-', 203),
(201, '-', 204),
(202, '-', 205),
(203, '-', 206),
(204, '-', 207),
(205, '-', 208),
(206, '-', 209),
(207, '-', 210),
(208, '-', 211),
(209, '-', 212),
(210, '-', 213),
(211, '-', 214),
(212, '-', 215),
(213, '-', 216),
(214, '-', 217),
(215, '-', 218),
(216, '-', 219),
(217, '-', 220),
(218, '-', 221),
(219, '-', 222),
(220, '-', 223),
(221, '-', 224),
(222, '-', 225),
(223, '-', 226),
(224, '-', 227),
(225, '-', 228),
(226, '-', 229),
(227, '-', 230),
(228, '-', 231),
(229, '-', 232),
(230, '-', 233),
(231, '-', 234),
(232, '-', 235),
(233, '-', 236),
(234, '-', 237),
(235, '-', 238),
(236, '-', 239),
(237, '-', 240),
(238, '-', 241),
(239, '-', 242),
(240, '-', 243),
(241, '-', 244),
(242, '-', 245),
(243, '-', 246),
(244, '-', 247),
(245, '-', 248),
(246, '-', 249),
(247, '-', 250),
(248, '-', 251),
(249, '-', 252),
(250, '-', 253),
(251, '-', 254),
(252, '-', 255),
(253, '-', 256),
(254, '-', 257),
(255, '-', 258),
(256, '-', 259),
(257, '-', 260),
(258, '-', 261),
(259, '-', 262),
(260, '-', 263),
(261, '-', 264),
(262, '-', 265),
(263, '-', 266),
(264, '-', 267),
(265, '-', 268),
(266, '-', 269),
(267, '-', 270),
(268, '-', 271),
(269, '-', 272),
(270, '-', 273),
(271, '-', 274),
(272, '-', 275),
(273, '-', 276),
(274, '-', 277),
(275, '-', 278),
(276, '-', 279),
(277, '-', 280),
(278, '-', 281),
(279, '-', 282),
(280, '-', 283),
(281, '-', 284),
(282, '-', 285),
(283, '-', 286),
(284, '-', 287),
(285, '-', 288),
(286, '-', 289),
(287, '-', 290),
(288, '-', 291),
(289, '-', 292),
(290, '-', 293),
(291, '-', 294),
(292, '-', 295),
(293, '-', 296),
(294, '-', 297),
(295, '-', 298),
(296, '-', 299),
(297, '-', 300),
(298, '-', 301),
(299, '-', 302),
(300, '-', 303),
(301, '-', 304),
(302, '-', 305),
(303, '-', 306),
(304, '-', 307),
(305, '-', 308),
(306, '-', 309),
(307, '-', 310),
(308, '-', 311),
(309, '-', 312),
(310, '-', 313),
(311, '-', 314),
(312, '-', 315),
(313, '-', 316),
(314, '-', 317),
(315, '-', 318),
(316, '-', 319),
(317, '-', 320),
(318, '-', 321),
(319, '-', 322),
(320, '-', 323),
(321, '-', 324),
(322, '-', 325),
(323, '-', 326),
(324, '-', 327),
(325, '-', 328),
(326, '-', 329),
(327, '-', 330),
(328, '-', 331),
(329, '-', 332),
(330, '-', 333),
(331, '-', 334),
(332, '-', 335),
(333, '-', 336),
(334, '-', 337),
(335, '-', 338),
(336, '-', 339),
(337, '-', 340),
(338, '-', 341),
(339, '-', 342),
(340, '-', 343),
(341, '-', 344),
(342, '-', 345),
(343, '-', 346),
(344, '-', 347),
(345, '-', 348),
(346, '-', 349),
(347, '-', 350),
(348, '-', 351),
(349, '-', 352),
(350, '-', 353),
(351, '-', 354),
(352, '-', 355),
(353, '-', 356),
(354, '-', 357),
(355, '-', 358),
(356, '-', 359),
(357, '-', 360),
(358, '-', 361),
(359, '-', 362),
(360, '-', 363),
(361, '-', 364),
(362, '-', 365),
(363, '-', 366),
(364, '-', 367),
(365, '-', 368),
(366, '-', 369),
(367, '-', 370),
(368, '-', 371),
(369, '-', 372),
(370, '-', 373),
(371, '-', 374),
(372, '-', 375),
(373, '-', 376),
(374, '-', 377),
(375, '-', 378),
(376, '-', 379),
(377, '-', 380),
(378, '-', 381),
(379, '-', 382),
(380, '-', 383),
(381, '-', 384),
(382, '-', 385),
(383, '-', 386),
(384, '-', 387),
(385, '-', 388),
(386, '-', 389),
(387, '-', 390),
(388, '-', 390),
(389, '-', 391),
(390, '-', 392),
(391, '-', 393),
(392, '-', 394),
(393, '-', 395),
(394, '-', 396),
(395, '-', 397),
(396, '-', 398),
(397, '-', 399),
(398, '-', 400),
(399, '-', 401),
(400, '-', 402),
(401, '-', 403),
(402, '-', 404),
(403, '-', 405),
(404, '-', 406),
(405, '-', 407),
(406, '-', 408),
(407, '-', 409),
(408, '-', 410),
(409, '-', 411),
(410, '-', 412),
(411, '-', 413),
(412, '-', 414),
(413, '-', 415),
(414, '-', 416),
(415, '-', 417),
(416, '-', 418),
(417, '-', 419),
(418, '-', 420),
(419, '-', 421),
(420, '-', 422),
(421, '-', 423),
(422, '-', 424),
(423, '-', 425),
(424, '-', 426),
(425, '-', 427),
(426, '-', 428),
(427, '-', 429),
(428, '-', 430),
(429, '-', 431),
(430, '-', 432),
(431, '-', 433),
(432, '-', 434),
(433, '-', 435),
(434, '-', 436),
(435, '-', 437),
(436, '-', 438),
(437, '-', 439),
(438, '-', 440),
(439, '-', 441),
(440, '-', 442),
(441, '-', 443),
(442, '-', 444),
(443, '-', 445),
(444, '-', 446),
(445, '-', 447),
(446, '-', 448),
(447, '-', 449),
(448, '-', 450),
(449, '-', 451),
(450, '-', 452),
(451, '-', 453),
(452, '-', 454),
(453, '-', 455),
(454, '-', 456),
(455, '-', 457),
(456, '-', 458),
(457, '-', 459),
(458, '-', 460),
(459, '-', 461),
(460, '-', 462),
(461, '-', 463),
(462, '-', 464),
(463, '-', 465),
(464, '-', 466),
(465, '-', 467),
(466, '-', 468),
(467, '-', 469),
(468, '-', 470),
(469, '-', 471),
(470, '-', 472),
(471, '-', 473),
(472, '-', 474),
(473, '-', 475),
(474, '-', 476),
(475, '-', 476),
(476, '-', 477),
(477, '-', 478),
(478, '-', 479),
(479, '-', 480),
(480, '-', 481),
(481, '-', 482),
(482, '-', 483),
(483, '-', 484),
(484, '-', 485),
(485, '-', 486),
(486, '-', 487),
(487, '-', 488),
(488, '-', 489),
(489, '-', 490),
(490, '-', 491),
(491, '-', 492),
(492, '-', 493),
(493, '-', 494),
(494, '-', 495),
(495, '-', 496),
(496, '-', 497),
(497, '-', 498),
(498, '-', 499),
(499, '-', 500),
(500, '-', 501),
(501, '-', 502),
(502, '-', 503),
(503, '-', 504),
(504, '-', 505),
(505, '-', 506),
(506, '-', 507),
(507, '-', 508),
(508, '-', 509),
(509, '-', 510),
(510, '-', 511),
(511, '-', 512),
(512, '-', 513),
(513, '-', 514),
(514, '-', 515),
(515, '-', 516),
(516, '-', 517),
(517, '-', 518),
(518, '-', 519),
(519, '-', 520),
(520, '-', 521),
(521, '-', 522),
(522, '-', 523),
(523, '-', 524),
(524, '-', 525),
(525, '-', 526),
(526, '-', 527),
(527, '-', 528),
(528, '-', 529),
(529, '-', 530),
(530, '-', 531),
(531, '-', 532),
(532, '-', 533),
(533, '-', 534),
(534, '-', 535),
(535, '-', 536),
(536, '-', 537),
(537, '-', 538),
(538, '-', 539),
(539, '-', 540),
(540, '-', 541),
(541, '-', 542),
(542, '-', 543),
(543, '-', 544),
(544, '-', 545),
(545, '-', 546),
(546, '-', 547),
(547, '-', 548),
(548, '-', 549),
(549, '-', 550),
(550, '-', 551),
(551, '-', 552),
(552, '-', 553),
(553, '-', 554),
(554, '-', 555),
(555, '-', 556),
(556, '-', 557),
(557, '-', 558),
(558, '-', 559),
(559, '-', 560),
(560, '-', 561),
(561, '-', 562),
(562, '-', 563),
(563, '-', 564),
(564, '-', 565),
(565, '-', 566),
(566, '-', 567),
(567, '-', 568),
(568, '-', 569),
(569, '-', 570),
(570, '-', 571),
(571, '-', 572),
(572, '-', 573),
(573, '-', 574),
(574, '-', 575),
(575, '-', 576),
(576, '-', 577),
(577, '-', 578),
(578, '-', 579),
(579, '-', 580),
(580, '-', 581),
(581, '-', 582),
(582, '-', 583),
(583, '-', 584),
(584, '-', 585),
(585, '-', 586),
(586, '-', 587),
(587, '-', 588),
(588, '-', 589),
(589, '-', 590),
(590, '-', 591),
(591, '-', 592),
(592, '-', 593),
(593, '-', 594),
(594, '-', 595),
(595, '-', 596),
(596, '-', 597),
(597, '-', 598),
(598, '-', 599),
(599, '-', 600),
(600, '-', 601),
(601, '-', 602),
(602, '-', 603),
(603, '-', 604),
(604, '-', 605),
(605, '-', 606),
(606, '-', 607),
(607, '-', 608),
(608, '-', 609),
(609, '-', 610),
(610, '-', 611),
(611, '-', 612),
(612, '-', 613),
(613, '-', 614),
(614, '-', 615),
(615, '-', 616),
(616, '-', 617),
(617, '-', 618),
(618, '-', 619),
(619, '-', 620),
(620, '-', 621),
(621, '-', 622),
(622, '-', 623),
(623, '-', 624),
(624, '-', 625),
(625, '-', 626),
(626, '-', 627),
(627, '-', 628),
(628, '-', 629),
(629, '-', 630),
(630, '-', 631),
(631, '-', 632),
(632, '-', 633),
(633, '-', 634),
(634, '-', 635),
(635, '-', 636),
(636, '-', 637),
(637, '-', 638),
(638, '-', 639),
(639, '-', 640),
(640, '-', 641),
(641, '-', 642),
(642, '-', 643),
(643, '-', 644),
(644, '-', 645),
(645, '-', 646),
(646, '-', 647),
(647, '-', 648),
(648, '-', 649),
(649, '-', 650),
(650, '-', 651),
(651, '-', 652),
(652, '-', 653),
(653, '-', 654),
(654, '-', 655),
(655, '-', 656),
(656, '-', 657),
(657, '-', 658),
(658, '-', 659),
(659, '-', 660),
(660, '-', 661),
(661, '-', 662),
(662, '-', 663),
(663, '-', 664),
(664, '-', 665),
(665, '-', 666),
(666, '-', 667),
(667, '-', 668),
(668, '-', 669),
(669, '-', 670),
(670, '-', 671),
(671, '-', 672),
(672, '-', 673),
(673, '-', 674),
(674, '-', 675),
(675, '-', 676),
(676, '-', 677),
(677, '-', 678),
(678, '-', 679),
(679, '-', 680),
(680, '-', 681),
(681, '-', 682),
(682, '-', 683),
(683, '-', 684),
(684, '-', 685),
(685, '-', 686),
(686, '-', 687),
(687, '-', 688),
(688, '-', 689),
(689, '-', 690),
(690, '-', 691),
(691, '-', 692),
(692, '-', 693),
(693, '-', 694),
(694, '-', 695),
(695, '-', 696),
(696, '-', 697),
(697, '-', 698),
(698, '-', 699),
(699, '-', 700),
(700, '-', 701),
(701, '-', 702),
(702, '-', 703),
(703, '-', 704),
(704, '-', 705),
(705, '-', 706),
(706, '-', 707),
(707, '-', 708),
(708, '-', 709),
(709, '-', 710),
(710, '-', 711),
(711, '-', 712),
(712, '-', 713),
(713, '-', 714),
(714, '-', 715),
(715, '-', 716),
(716, '-', 717),
(717, '-', 718),
(718, '-', 719),
(719, '-', 720),
(720, '-', 721),
(722, '-', 723),
(723, '-', 724),
(724, '-', 726),
(725, '-', 12),
(726, 'no records found', 13),
(727, '-', 727),
(728, 'no records found', 728);

-- --------------------------------------------------------

--
-- Table structure for table `description`
--

CREATE TABLE IF NOT EXISTS `description` (
  `description_id` int(11) NOT NULL AUTO_INCREMENT,
  `description` varchar(1023) DEFAULT NULL,
  `species_taxon_id` int(11) NOT NULL,
  `description_reference_code` int(11) NOT NULL,
  `description_reference_number` int(11) NOT NULL,
  PRIMARY KEY (`description_id`)
) ENGINE=InnoDB  DEFAULT CHARSET=latin1 AUTO_INCREMENT=729 ;

--
-- Dumping data for table `description`
--

INSERT INTO `description` (`description_id`, `description`, `species_taxon_id`, `description_reference_code`, `description_reference_number`) VALUES
(1, 'A strongly branched, scandent shrub, 1-5m high, stems green.Leaves long-stalked, oblong-ovate, wooly-haired, dark green above, light greyish green underneath, with red veins, margins entire; stipules red. Uppermost calyx lobes enlarged velvet red. Flowers yellow in terminal clusters.', 1, 0, 1),
(2, 'Shrub. Leaves mainly toward ends of branchlets, oblong or smaller ones oblanceolate, 16x6 cm, midrib keeled beneath, with about 10 pairs of divaricate nerves, abruptly acute to acuminate; base cuneate or obtusely rounded; petioles 1-5cm long, stipules bro', 2, 0, 1),
(3, '-', 3, 0, 1),
(4, '-', 4, 0, 1),
(5, '-', 5, 0, 1),
(6, '-', 6, 0, 1),
(7, '-', 7, 0, 1),
(8, '-', 8, 0, 1),
(9, 'Leaves obovate oblong,1.5-5xcm,midrib evident,obtusely rounded,atttenuate or substipitate toward base,auricles mostly large.Recemes solitary or 2 or 3 together,3-8cm in length,more or lss puberulent;flowers blue,subsesile,', 9, 0, 1),
(10, 'Small tree.Leaves spreading oppositely branched from near base,20-30cm long;leaflets opposite,imparipinnate,arranged along full length o grooved rachilla,sessile,submembrenous,rhomoid-oblong,less than 1cm long,much paler beneath,acute,obtuse at the base,m', 10, 0, 1),
(11, 'Liana.Leaves elliptic or ovately elliptic,15x7cm,acute to subacuminate,base broadly rounded;petioles 1cm long.Paniculate cymes in uppermost leaf axils,profuse,shorter or equaling leaves,finally pubescent;flowers white,pedicellate;calyx segments broad,', 11, 0, 1),
(12, 'Stems pubescent.Leaves ovately oblong,acute;average blade 10x5cm,often smaller,terminal ones crowded,silky-white-hairy beneath,upperide darker green,less pubescent,entire,5-8 pairs of nerves much-ascending or oblique,base broadly obtuse;petioles slender,3', 14, 0, 1),
(15, 'Small shrub.Leaves elliptic or obovate,12-20x5-9cm,canaliculate midrib with 9-11 pairsof nerves,acuminate,base acute or obtuse,often unequal;petioles 1-4cm long.Spikes to 15cm long,lower bracts decussate,bracteoles narowly linear,puberulous;', 17, 0, 1),
(17, 'Small tree.Leaves mainly crowded toward tips,oblong,10x5cm,often much larger and long-stalked,prominent midrib hairy when young,with 10 pairs of ascending nerves,acute;petioles 1cm long;stipules orbicular,becoming recurved.', 19, 0, 1),
(18, 'Glabrous or pubescent undershrub,0.5-1.5 high.Leaves oblong or lanceolate,3-9cm long,puntate on both sides,midrib with 4-7 oblique faint nerves on each side,entire or slightly toothed,acute to acuminate,acute to obtuse at base;petioles 0.5-2cm long. Spica', 20, 0, 1),
(19, 'Leavs 2-to mstly 3-foliolate;petiolules pubescent as brachlets;leaflets ovate to rotund,4-7x2.5-5 cm,pubescent,short acuminate,base usually shallowly cordate or truncate;tendrils long in comparison to leaflets.', 21, 0, 1),
(20, 'Tree. Leaves spreading,odd-pinnate,30-50cm long,chartaceous,glabrate,leaving scars after falling;leaflets opposite,elliptic to oblong,entire,paler green,harsh beneath,obtuse,rounded at subsessile base,up to 15cm long by one-half as wide,basal ones usually', 22, 0, 1),
(21, '-', 23, 0, 1),
(22, '-', 24, 0, 1),
(23, 'A widely spreading small shrub. Branches slender, reddish brown, finely lenticelled, young portion short-pubescent. Leaves ascending, membranous, pairs equal in size, subacuminate, larger ones 5-12cm long, base abruptly cuneate, those toward inflorescence', 25, 0, 1),
(24, 'Tree,to 30cm high. Leaves rigidly coriaceous,ovate,4-12x3-8 cm shining,darker green above,obtuse,truncately rounded at the base;petioles 1cm long.Cymes in upper leaf axils,short pedicellate,calyx small;', 26, 0, 1),
(25, 'Leaves ovately elliptic,12x6cm veined,inner pair arising from above base,entire,those toward ends of branches smaller and narrower,shining above,recurved toward obtuse or bluntly rounded apex,base rounded or subcordate,petioles 1,5cm long,base grooved and', 27, 0, 1),
(26, 'Twining.Branches reddish brown,young twigs pubescent.Leaves ovately oblong or subelliptic,2.5cm wide and twice as long or smaller towards end of slender branchlets,ascending 3- nerves faint,base usually rounded.Flowers few-clustered,cymose,upon short,erec', 28, 0, 1),
(27, 'A shrub,to 2m or more high.Leaves ovate,25-30cm long,with many obliquely arching,depressed side veins.Flowers borne in clusters made conspicuous by crimson,narrow,ovate bracts,three large ones and a few small ones of which accompany each flower;calyx lobe', 29, 0, 1),
(28, 'Erect,suffrutescent herb.Leaves ovately oblong or subelliptic,1.5-4 cm long,finely punctate,midrib with 3-5 pairs of ascending nerves,pubescent beneath,mostly toothed,obtuse to subacute,broadly obtuse or rounded at base;petioles 1-2cm long,pubescent.', 30, 0, 1),
(29, '-', 31, 0, 1),
(30, '-', 32, 0, 1),
(31, '-', 33, 0, 1),
(32, 'A spreading or shrub-like tree. Branches slender, grayish lenticelled, glabrate when old. leaves scattered in opposite pairs, mambranous, paler green and minutely pubescent beneath, 15x5-7 cm, ridged midrib with 9-12 pairs of ascendingly curved nerves, ab', 34, 0, 1),
(33, '-', 35, 0, 1),
(34, 'A scandent herbaceous vine.Leaves triangularly elongated,gradually tapering from truncate to shallowly cordate base,apex sharply pointed,larger blades 7x4cm,those toward ens much smaller,usually coarsely dentate,glabrous;petioles slender,3-5cm long.Corymb', 36, 0, 1),
(35, 'Shrub,to .5m high.Twigs somewhat angular,glabrate.Leaves narrowly oblong,18x5cm,midrib with 6-9 pairs of ascending nerves,acute to acuminate,attenuate and slighty oblique at the base;petioles 3-5cm long glabrous.Flowers in pairs,occcasionally solitary in ', 37, 0, 1),
(36, 'A stock tree.Leaves oblong,18x8cm,frequently smaller,pronounced midrib with 6-9pairs of ascending nerves;nerves minutely pubescent,acute to subacuminate,base auricately rounded;petioles hort,thick,puberulent;bud bracts narrowly oblong,2.5cm long,pubescent', 38, 0, 1),
(37, 'Leaves subelliptic or oblong,young ones crown-felty beneath,finally glabrous,18x4cm,midrib prominent with obscure lateral nerves abruptly acute to acuminate,base obtuse or obtusely rounded;petioles ultimately glabrous.Flowers in axillary pairs;pedicles 1c', 39, 0, 1),
(38, 'Tree.Brachlets scary,young buds tomenose.Leaves obovately elongated,20-30cm long,nearly half as wide,stout midrib canaliculate above with 10-5 pairs of prominent ascending nerves,golden red or brown-tomentose beneath,shiny green above,broadly obtusee or r', 40, 0, 1),
(39, 'Epiphytic upon large limbs of forests trees.Stems 1m or less long,sparingly rebranched.Leaves ovate-lanceolate,5-12x4-5 cm,conspicuous midrib with lateral obscure nerves,acute to subacuminate,base obtusely rounded,petioles 1-5cm long.Inflorescences termin', 41, 0, 1),
(40, 'A subscandent shrub.Leaves terminally crowded,oblong,15x6cm,prominent midrib with 5-7pairs of obscure nerves,sharply acute to acuminate,slightly inequilateral at obtusely rounded base;petioles 20cm or more long.Racemes puberulent when young,stout,terminal', 42, 0, 1),
(41, 'A pseudo-epiphytic shrub.Leaves 5- to 7-foliolate,elliptic to ovately elliptic,5-10cm long,often variable,rounded at apex,obtuse at base;petioles 10-20cm long;petiolules 2-5cm long.Inflorescences often on terminal leafless branches,particularly corymbose,', 43, 0, 1),
(42, 'A soft-wooded,slender tree.Leaves crowded at ends of branches,leaving larger scars after falling of,1-2m long,horizontally spreading,pinnate;petioles one-third length of pinnate leaf,much thickened at base,rachis articulate,swollen at attachment of opposi', 44, 0, 1),
(43, 'Shrubs slender or trees small,simple or sparingly branched.Leaves toward ends of branches,lamina 20cm long,3-lobed;lobes narrowly oblong,5-veined,sinuately serrate,sharply acuminate,base broadly obtuse or subacute;petioles 10-15cm long.Inflorescences shor', 45, 0, 1),
(44, 'An erect shrub,to 3cm high. Leaves crowded at apices of branches,palmately cut into 4-7 linear segments which are free to base;segments glabrous,15-20x1-1.5 cm,narrowed above to acuminate apex,base narrowly decurrent so that segments appear to be petiolul', 46, 0, 1),
(45, '-', 47, 0, 1),
(46, 'Leaves obovately oblong to oblanceolate,8-12x4cm ridged midrib sunken above with 10pairs of nerves,cross bars evident,acute to sharply acuminate,entire toward subcuneate base,otherwise,serrate;petioles 5-8mm long,canaliculate.Inflorescences brown-puberule', 48, 0, 1),
(47, 'A small,epiphytic shrub.Leaves usually clustered in whorls,obovately elongate,3x2cm with smaller ones in same whorl;midrib evident,obscurely punctate beneath,obtusely rounded,sometimes slightly emarginate;base narrowed into short petioles.Flowers few to s', 49, 0, 1),
(48, 'An erect,rigid shrub or small,crooked tree.Capsules at least as long as corolla,usually curved,pointed at distal end,tardily dehiscent.Leaves in subwhorls along twigs,cuneately obovate,1.5x1cm,entire margins subinvolute,glandular beneath,broadly rounded a', 50, 0, 1),
(49, 'A coarse,3-5m long,epiphytic shrub.Leaves 8x4cm,midrib quite prominent,side basal nerves obscure,reticulations evident,abruptly acuminate to subcaudate;base broadly obtuse or rounded,shortly petioled.Racemes terminal or from upper leaf axils,10cm long or ', 51, 0, 1),
(50, '-', 52, 0, 1),
(51, '-', 53, 0, 1),
(52, '-', 54, 0, 1),
(53, '-', 55, 0, 1),
(54, '-', 56, 0, 1),
(55, '-', 57, 0, 1),
(56, '-', 58, 0, 1),
(57, '-', 59, 0, 1),
(58, '-', 60, 0, 1),
(59, '-', 61, 0, 1),
(60, '-', 62, 0, 1),
(61, '-', 63, 0, 1),
(62, '-', 64, 0, 1),
(63, 'Leaves ovately oblong,15x7cm conspicuous midrib with several pairs of evident nerves,obtuse, gradually becoming reduced toward apex,truncately rounded at the base;petioles not auriculate.Spikes solitary or few-branched,terminal,very long,glabrous;flowers ', 65, 0, 1),
(64, '-', 66, 0, 1),
(65, 'Tree, to 30cm high. Leaves often crowded at tips of brachlets, oblong, 15x16cm, conspicuous midrib with 7-12 pairs of ascending nerves, apex acuminate, base obtuse, petioles 2-3cm long.', 67, 0, 1),
(66, '-', 68, 0, 1),
(67, 'Tree.Leaves obovate or obovately lanceolate,10x4cm,midrib pronounced beneath with 10pairs of pinnate nerves,paler beneath,acute to obtusely rounded;base cuneate or subattenuate;petioles 2cm long.Flowers axillary,solitary or in small fascicles,on stout 5-m', 69, 0, 1),
(68, 'Trees,to 50m high.Leaves broadly lanceolete to oblong or subelliptic, 18x8cm, stout midrib with 10pairs of ascending nerves, acuminate; base broadly obtuse; petioles 3-5cm long, faintly pubescent. Spicate racemes from lower leaf axils, puberulent, 5-12cm ', 70, 0, 1),
(69, 'Medium-sized tree.Brachlets stout with terminal puberulous and obtuse or aristate stipules.Leaves crowded toward ends of brachlets,obovate-elliptic or oblanceolate,25x15cm or more,apex obtuse,acute to acuminate;base broadly subrotund glabrous on both side', 71, 0, 1),
(70, 'Tree.Leaves obovately oblong,8-12x3-5cm,prominent midrib ith 12pairs of nerves,obtusely rounded,base cuneate,petioles cm or less long.Flowers axillary in axile of fallen leaves,fascicled;sepals broadly ovate,2-seriate;corolla tube short,6 segments acumina', 72, 0, 1),
(71, 'Tree.Leaves obovately oblong,16x6cm,midrib with 12 pairs of nerves,short acute or subrounded;base subcuneate;petiole 1.5cm long.Flowers in crowede leaves,ferruginous-pubescent;pedicles 3cm long;calyx campanulate;6 segments acute;corolla much longer,', 73, 0, 1),
(72, 'Tree.Leaves obovatly oblong or subelliptic,16x6cm,midrib ridge beneath with 12-15 pairs of pinnate conspicuous nerves,round or obtuse;base obtuse;petioles 2-4cm long.Flowers densely clustered in leaf axils,ferruginous;pedicles 2m long;calyx biseriate,6 se', 74, 0, 1),
(73, 'Tree.Leaves clustered at tips o brachlets,obovately oblong,25x9cm,ridged midrib brown-pubescent on paler side,abruptly acute;base obtusely rounded;petioles 2-3cm long,cinnamon-brown-tomentose.Flowers numerous,pubescent;pedicles 2cm long.', 75, 0, 1),
(74, 'Small,erect tree. LEaves oblong, 10-30 x 7-10 cm, midrib ridged beneath and grooved above, obtuse or subacute, rounded at base, often a trifle cordate; petioles subsessile or very short. Flowers usually fascicled from stem, glabrate;', 76, 0, 1),
(75, 'An erect tree. Young branches, silky. Leaves oblong or subelliptic, 20cm long by one third or wide, subglaucous beneath and in early state covered with appressed grayish hairs, short-acute to subacuminate, base obtuse, rounded; petioles 1cm long, pubescen', 77, 0, 1),
(76, 'A small to medium sized tree. Leaves ovately oblong to broadly lanceolate, 15x5 cm, neither side often minutely pubescent, midrib pronounced beneath with 18 pairs ascendingly curved nerves, bluntly acute, obtusely rounded at base; petioles 1cm long.', 78, 0, 1),
(77, 'A tree, to 10cm high. Leaves oblong to subelliptic, 5-15cm, midrib with 12-10 pinnate nerves, glabrous, obtuse to obtusely rounded at both ends; petioles 1cm long. Flowers subsessile, greenish white, mostly solitary, 1.25cm long; calyx lobes 5, puberulent', 79, 0, 1),
(78, 'A small or medium-sized tree. Leaves narrowly oblong, 12-20x3.5-8 am, midrib ridged beneath, 9-12 nerves conspicious and interarching, puberulent beneath when young, acute to acuminate, base obtuse; petioles 1cm long.', 80, 0, 1),
(79, 'a tree, to 38m or more high. Leaves oblong, 17x7 cm or larger, midrib pronounced beneath, with 5-8 ascendingly curved nerves, glabrous, abruptly acute to acuminate, base obtuse; petioles 1cm long.', 81, 0, 1),
(80, 'Sprawling or scandescent shrub. Leaves simple, ovate, 4-7x3.5 cm, midrib quite evident with obscure nerves, sharply acuminate; base broadly rounded, upon 1.5cm long stalk with base broadly rounded, upon 1.5cm long stalk with base often persistent and simu', 82, 0, 1),
(81, 'Small to medium-sized tree. young tips puberulous. Leaves oblong or ovately so, sometimes subelliptic, 12x5.5 cm, midrib ridge beneath with evident reticulations, short-acute, base usually rounded; petioles 1cm long.', 84, 0, 1),
(82, 'Erect shrub. Leaves oblong or broadly lanceolate, 5x1.75cm, midrib conspicuous beneath, lateral nerves and reticulations equally evident, finely crenate or serrate, acute to acuminate; base narrow, shortly petioled.', 85, 0, 1),
(83, 'A laxly branched shrub or tree. Young portion of twigs more or less strigose. Leaves alternate, subsessile or very short petioled, membranous, crenately serrate, broadly lanceolate, slenderly acuminate, obtusely rounded, 5-8cm long x 2-3cm wide,', 86, 0, 1),
(84, 'Tree. Leaves crowded toward end of twigs, oblong or broadly lanceolate, 12x4 cm, pronounced midrib with obscure divaricate nerves whose ends are coarsely reticulate, acute to acuminate; base obtuse, entire, otherwise coarsely serrate;', 87, 0, 1),
(85, 'Branchlets drooping or climbing. Leaves 5- to 9-foliolate, opposite; petioles 1-2cm long. Lower leaflets shortly stalked, higher ones sessile; lateral leaflets ovate or ovate-oblong, 1.25x0.75-1.5 cm, base oblique; terminal leaflet oblong, 2-4.5x1-2.5 cm;', 88, 0, 1),
(86, 'Shrub, to 2m high, occasionally vine-like. Leaves opposite, ovately oblong, 5-10cm long, upper ones much smaller; midrib pronounced beneath with obscure lateral nerves, acuminate, broadly rounded at base; petioles short-auriculate.', 89, 0, 1),
(87, 'Scandent, rarely erect shrub. LEaves opposite, often variable, pubescent, ovate, 10x4 cm, promonent midrib with faint nervs, acuminate, subtruncately rounded at base; petioles 5-8mm long, jointed. Inflorescence terminal or in upper leaf axils, canescent, ', 90, 0, 1),
(88, 'Shrub or small tree. Leaves oblong to subelliptic, 8x3cm, midrib prominent with 4-7 obscure nerves, acute; base obstusely rounded or occasionally acute; petioles 5-8mm long. Panicles small or large, usually puberulent; flowers whitish, clustered on short ', 91, 0, 1),
(89, 'Small tree. Leaves broadly lanceolate to narrowly oblong or obovately so, 9-12x3-4 cm, midrib prominent beneath, nerves obscure with anastomosing tips, sharply acute to acuminate, narrowed toward base with short, thick petioles.', 92, 0, 1),
(90, 'Small tree. Leaves broadly or narrowly oblong, 0-15x5-7 cm, midrib ridged with 5-8 pairs of divaricate nerves, abruptly acute to subacuminate, obtuse to subacuminate toward slender, 2-3cm long petiole. Inflorescences lateral or axillary, glabrous, much sh', 93, 0, 1),
(91, 'Shrub or small tree. Leaves ovate to lanceolate, 1.5-16x1-6 cm, nerves 3-11 pairs, glabrous to shortly tomentose, entire or rarely crenulate; apex blunt or acute to long acuminate, often aristate, rounded to acute at base; petioles 0.25-1.75 cm long.', 94, 0, 1),
(92, '-', 95, 0, 1),
(93, '-', 96, 0, 1),
(94, 'A shrub, 2m or more high, twigs fulvous-tomentose. Leaves lanceolate, 12-15 x 3cm, terminal ones much-reduced, pubescent beneath; midrib conspicious beneath with obscure nerves, usaully finely serrate, tip slenderly pointed with obtuse base;', 97, 0, 1),
(95, 'Leaves subsessile, 3- to 5-verticillate, oblong obovate, emarginate, margins often involute. Panicles axillary or on quadrangular, glabrous to subglabrous, 0.52 cm long stalk, 3-to 10 flowered; calyx segments lanceolate,', 98, 0, 1),
(96, 'Small to medium-sized tree. Branchlets slender, galbrous, occasionally in subwhorls, marked by leaf scars. Leaves shining, glabrous, oblong, midrib, prominent beneath, numerous divaricate nerves relatively faint, whorled or rarely opposite, coriaceous, ab', 99, 0, 1),
(97, 'Leaves usually in whorls, sometimes opposite, obovately oblong, 20x5-7cm or smaller, glabrous or slightly pubescent along ridged midrib beneath, short but sharply acute to acuminate, subcuneate toward base. Cymes few to several, terminal, mostly shorter t', 100, 0, 1),
(98, 'Erect shrubs or small tree. Branchlets terete, stout with leaf scars. Leaves oblong, 15x5 cm, midrib ridge beneath, side nerves divaricate, reticulations evident, lucid above, short0acute, narrowly obtuse toward base; petioles 3cm long.', 101, 0, 1),
(99, 'An erect, simple or slightly branched plant, 30-50 cm high, glabrous or slightly pubescent; stems woody at least below. Leaves oblong, 4-7 cm long, apex rounded and apiculate base equilateral.', 102, 0, 1),
(100, 'Erect shrub or small tree. Leaves variable, often broadly lanceolate to oblong, 18x6 cm or smaller, prominent midrib pinnately nerved, much darker green and sublucid on upper side, acute to bluntly acuminate, base obtuse to subcuneate;', 103, 0, 1),
(101, 'Small tree. Leaves narrowly oblong or broadly lanceolate, 9x3 cm, conspicuous midrib with ascendingly curved nerves, acuminate, obtuse or subcuneate at abse, petioles 5-8mm long, bearing small axillary membranes.', 104, 0, 1),
(102, 'shrub or small tree. Leaves mainly toward ends of twigs, obovately oblong, 20x7 ccm, sublucid and darker green on upper side, midrib raised beneath, sunken above -with 9-12 pairs divaricate, ascendingly curved nerves, short-acute, base obtuse;', 105, 0, 1),
(103, 'Tree, 5-15m high. Leaves oblong, elliptic, 4-12 x 1.5-3 cm, shortly acuminate, base obtuse-cuneate; petioles 0.4-0.8 cm long. Inflorescence 1- to 3-flowered; pedicles 0.7-1 cm long, glabrous; calyx laciniate, 0.35-0.5 cm long; corolla', 106, 0, 1),
(104, 'A small or medium sized trees. Leaves elliptic-lanceolate, 3-12 x 1-3cm, glabrous, obtusely subcaudate-acuminate; base acute to attenuate, shortly petiloed. Inflorescence 4- to- 12-flowered, peduncle shorter than subtending petiole, pedices 1cm long, subt', 107, 0, 1),
(105, 'a rambling, shrubby vine. Leaves oblong or obovately so, 9-12 x 3-5cm midrib conspicuous with 5-8 pairs of ascendingly curved nerves, pale beneath, short or abruptly acute to acuminate, base obtuse or obtusely rounded; petioles 1.25cm long.', 108, 0, 1),
(106, 'Twigs yellowish brown-pubescent. Leaves elliptic or ovately so, 20cm long, prominent midrib with 7-10 pairs of nerves, glabrous on upper darker green side, minutely pubescent beneath, terminated in a short point of apex, usually cordate at base;', 109, 0, 1),
(107, 'scandet or twining shrub. LEaves narrowly oblong-lanceolate-obovate, 10-25 x 3-9cm wit 12-14 pairs of nerves inarching near margin, obtusely acuminate; petioles 1-1.5 cm long.', 110, 0, 1),
(108, 'Leaves ovate to ovate-oblong or subelliptic, 10x6 cm, those toward end much smaller, paler green beneath, midrib pubescent with 5-7 ascending nerves, short-acute to subobtuse; petioles 1-3cm long.', 111, 0, 1),
(109, 'Leaves subelliptic, 6-8 x 3-4cm, with 15-20 pairs of nerves, glabrous, paler beneath, acute to subobtuse, broadly obtuse to rounded at base; petioles 1-1.5 cm long.', 112, 0, 1),
(110, 'Sprawling or subscandent shrub, twigs short pubescent. Leaves cordately ovate, 0-14 m long, those toward ends of branchlets much smaller, subelliptic, midrib with 5-8 pairs of subdivaricate nerves, paler lower surface, soft-tomentose, subacute; petioles 3', 113, 0, 1),
(111, 'A scandent, somewhat twining shrub, young tips usually puberulent. Leaves oblong or obovately so, upper or much smaller ones lanceolate, glabrous, 6-14x6 cm, conspicuous midrib with 9-12 pairs of ascending rather straight nerves, obtuse or acute, rounded ', 114, 0, 1),
(112, 'Climbing upon trees, young branches dark brown-hairy. Leaves elliptic or rotund, 10x7cm, conspicuous midrib with 5-7 pairs of ascendingly curved nerves, pubescent and much paler beneath, apex terminating into an apiculate point, broadly rounded and shallo', 115, 0, 1),
(113, 'A scandent shrub. Leaves oblong, 6x3 cm, midrib prominent beneath, divaricate nerves relatively faint, their ends united at tips, much paler beneath or subglaucous, bluntly acute, broadly obtuse to rounded at base, petioles 1.5cm long. Cymes glabrous or s', 116, 0, 1),
(114, 'Shrubby, scandent vine. Leaves ovate or ovately elliptic, 10x3 cm, pronounced midrib with 5pairs of conspicuous ascending nerves, apex abruptly but sharply pointed, cordate at base; petioles 5cm long, slender.', 117, 0, 1),
(115, 'Sprawling shrub, young twigs puberulent. Leaves ovately elliptic or rotund, 5-8 x 3-5 cm, midrib with few ascending pairs of nerves with ends reticulately united, acute, obtuse or rounded at base; petioles 1cm lon, slender.', 118, 0, 1),
(116, 'A scandent vine. Leaves ovate to ovately oblong, 7-10, terminal ones much smaller, midrib with few ascendingly curved nerves, abruptly and sharply acute or subacuminate, truncate or shallowly cordate at base; petioles 5cm long. Peduncles axillary,', 119, 0, 1),
(117, 'Twining, suffrutescent shrub. Leaves glabrous, cordately ovate, 15cm long, gradually reduced toward top, conspicuous midrib with 5-8 pairs of nerves, reticulations coarse and evident, short-acute, smaller ones truncately rounded; petioles 3-8cm long. Spic', 120, 0, 1),
(118, 'Epiphyte, 15-30 cm high. Leave oblong-lanceolate, 8-18 x 3-6cm acuminate, base acute to obtuse, midrib distinct with obscure nerves; petioles 1-2 cm long, furrowed and pubescent above. Peduncles 1.5-4 cm long, many flowered; pedicles 3-7 long; calyx 3-3.5', 121, 0, 1),
(119, 'Several-stemmed, glabrous, epiphytic shrubs, 1m or less high. Leaves broad lanceolate to ovately elongated, 5-10 x 2-3.5 cm, midrib conspicuous with faint nerves, slenderly acuminate, base broadly obtuse; petioles 1cm long.', 122, 0, 1),
(120, 'Herbaceous, epiphytic, glabrous vine usually growing on dead bamboo; branches slender, pendolous, often twining. Leaves of two kinds, opposite, normal ones elliptic-ovate to lanceolate, acuminate, thick, fleshy, 1.5-2.5 cm long, one of some pairs hollow i', 123, 0, 1),
(121, 'An erect, simple or slightly branched, perennial, glabrous herb, 40-60 cm high. LEaves opposite, lanceolate, acuminate; base narrowed, 7-13cm long. Umbels axillary and terminal, peduncled,', 124, 0, 1),
(122, 'Old stems with thick, grayish white, longitudinally corky wings. Leaves ovately cordate, 10cm long, midrib with 3 lateral pairs, 2 of which arise from near base; tips short, sharply acute; petioles slender, 5-8 cm long, bearing a gland at upper end.', 125, 0, 1),
(123, 'shrub, to 3m high. LEaves obovately oblong, 7x18 cm, midrib ridged beneath with 9-12 pairs of obscure nerves, glabrous, short-acute to obtuse, cuneate at base; petioles 1.5cm long; stipules interaxillary, broadly connate, with short setiform point.', 126, 0, 1),
(124, 'Shrub or small tree. Leaves subelliptic or elliptically oblong, variable, 10-20 x 5-10cm, stout midrib with about 10 pairs of ascending curved nerves, glabrous; petioles 1-1.5 cm long; stipules connate with stout point. Paniculate cymes glabrate, terminal', 127, 0, 1),
(125, 'An erect shrub, 2-4 m high. LEaves obovately oblong, 15x6 cm but often smaller, sublucid on upper surface, obtuse, cuneate toward base; upon short, stout, canaliculate stalks. Inflorescence erect, terminal, cymosely paniculate, glabrous; flowers numerous,', 128, 0, 1),
(126, 'shrub, 1-2 m high or tree-like and higher. Twigs subteree, glabrous. Eaves subsessile, oblong to subelliptic, 5-15 x 2-3 cm, pale beneath; midrib raised beneath with 10 pairs of obscure nerves, obtuse to acute; base rounded and frequently cordate; stipule', 129, 0, 1),
(127, 'Shrub or small tree, 2-4 m high. Leaves oblong, 18x6 cm,prominent midrib with 10-15 pairs of pinnate nerves, acute, broadly obtuse to rounded at base; petioles 1cm long; interaxillary bract or stipule setaceous, 1.5cm long, acuminate, deciduous.', 130, 0, 1),
(128, 'Shrub or small tree. Leaves obovately oblong to oblanceolate, 15x5 cm or often smaller, ridged midrib with 6-9 pairs of ascendingly curved nerves, sharply acuminate; base obtuse to subcuneate or attenuate;  petioles 1.5cm long; stipules triangularly ovate', 131, 0, 1),
(130, 'A high climbing and sprawling shrub. Leaves scattered, usually in 3''s, subelliptic to broadly oblong, 5x8 cm conspicuous midrib with -7 ascending nerves each side, short acute to obtusely rounded; base usually rounded; petioles 3cm long. Inflorescence gla', 133, 0, 1),
(131, 'An epiphytic shrub, to am long. Stems usually few-clustered, rigid, rebranched; glabrous twigs tough, arising from insectivorous tubers, lower or basal end with fibrous mass of roots; tubers solitary or in equal clusters, grayish brown, rugulose but other', 134, 0, 1),
(132, 'stem solitary, thick, terete, rather soft in texture, arising from upper or outer end of the basal bulb, 1-3cm long, ascending, alternatingly ridged and grooved longitudinally. Tubers solitary or in unequal clusters, grayish brown, rugulose, ridges more o', 135, 0, 1),
(133, 'A scandent, herbaceous, pubescent or glabrous, slender vine. Leaves opposite, ovate to oblong-ovate, 6-10 x 3.5-5 cm, sharply acuminate, with a distinct odor of carbon bisulfide when crushed, base rounded or slightly cordate. Inflorescence in axillary, la', 136, 0, 1),
(134, 'Stout climber. Branches terete, tough, short-olivaceous-pubescent. Leaves scattered, usually in whorls, elliptic to oblong, small ones broadly lanceolate, 12x6 cm; midrib with 4-7 ascendingly curved nerves on each sides, abruptly sharp acute, base-rounded', 137, 0, 1),
(135, 'Scandent. Leaves oblong or elliptically oblong, 3x7 cm, raised midrib with 5-8 ascending pairs of nerves, short, acute to acuminate; base obtuse or subacute; petioles 5-10mm long; stipules elongated, deciduous. Inflorescence reminal, glabrous or sparesly ', 138, 0, 1),
(137, 'shrub or small tree,to 3m or more high.Leaves oblong,smaller ones usually oblanceolate,4x10cm,stout midrib with 10-15 pairs of divaricate nerves,obtuse to bluntly acute;base obtuse to subcuneate;petioles 1-2cm long,canaliculate;stipules broadly oblong.', 140, 0, 1),
(138, 'Low, laxly rebranched shrub, 1.5-2.5m tall. Leaves narrowly oblong to broadly lanceolate, 10-15 x 3-5cm, paler green, usually glabrate beneath; ridged midrib with 5-7 oblique or ascendingly curved nerves one each side, slenderly acuminate, obtusely rounde', 141, 0, 1),
(139, 'A shrub, 1-2m tall. Leaves 6-15 x 2-6cm, glabrous on upper surface, pubescent or subglabrous on lower, veins with 5-8 nerves on each side, acuminate or cuspidate-acuminate, base acute or obtuse; petioles hirsute, pubescent or subglabrous; stipules minute,', 142, 0, 1),
(140, 'Erect tree, to 8m high. Leaves oblong, 7-10 x 4cm; midrib pronounced, with 4-7 pairs of ascending nerves, acute to acuminate, base broadly acute; petioles 1.25cm long. Fruiting heads concrete, solitary, axillary, terminal and lateral,', 143, 0, 1),
(141, 'small to medium-sized tree. Leaves mostly elliptic, 20-30 x 10-15 cm, midrib, with 7-10 pairs of prominent nerves, obtusely rounded, base broadly rounded or subcordate; petioles 2-4 cm long; bud bract ovately oblong, deciduous. Heads solitary upon termina', 144, 0, 1),
(142, 'A coarse climber. Leaves rotund to elliptic, 15x5 cm, keeled midrib with 6-9 pairs of prominent nerves, cross bars numerous and conspicuous, subglaucous, minutely pubescent beneath, short-acute, base broadly rounded or emarginate; petioles 1-2 cm long, st', 145, 0, 1),
(143, 'Scandent shrub. Leaves ovately elliptic, 6x10 cm; midrib with 5-7 pairs os ascending nerves, pubescent especially on paler lowers side, sharply acute to acuminate; base broadly rounded or shallowly cordate; petioled short, hairy, with strongly recurved in', 146, 0, 1),
(144, 'A subscandent and sprawling shrub. Leaves elliptic, 10x5 cm, midrib with 5-7 pairs of ascending or oblique nerves, abruptly acute; base rounded or obtusely so; petioles 2-3 cm long. Lower axillary peduncles reduced to recurved hooks,', 147, 0, 1),
(145, 'Vine. LEaves oblong-ovate, 10x4.5 cm; midrib with 5-8 pairs of suboblique nerve, glabrous, sharply acute to acuminate; base obtuse or rounded; sterile peduncles turned into recurved axillary hooks; stipular bract broad, deciduous.', 148, 0, 1),
(146, 'A shrub or small tree, 2-10m high, slightly pubescent or nearly glabrous. Leaves broadly ovate to elliptic-ovate, 5-12 cm long, obscurely and shortly acuminate, lower larger than upper ones, often subcordate, nerves prominent, suboblique.', 149, 0, 1),
(147, 'Small tree. Leaves terminally crowded, numerous, oblong, 10x4 cm, ridged midrib with 5-8 ascending pairs of nerves, acute to acuminate, base obtuse or obtusely rounded; petioles 1-2 cm long. Peduncles ascending; heads 2cm in diameter, grayish tomentose; c', 150, 0, 1),
(148, 'Small to medium-size tree. Leaves oblong to obovately so, 10x5 cm, stoutly ridged midrib with 7-10 conspicuous pairs of nerves, glabrous, obtuse to subacute, base broadly obtuse; petioles 1-3 cm long, canaliculate; bud bracts narrowly oblong,', 151, 0, 1),
(149, '-', 152, 0, 1),
(150, '-', 153, 0, 1),
(151, '-', 154, 0, 1),
(152, '-', 155, 0, 1),
(153, '-', 156, 0, 1),
(154, '-', 157, 0, 1),
(156, '-', 159, 0, 1),
(157, '-', 160, 0, 1),
(158, 'Small or medium-sized tree. Leaves mostly terminal, oblong-ovate, 16x6-11 cm. prominent midrib with 10-14 pairs of ascending nerves whose ends interarch, puberulent on nether, paler green side, acute to both under or subacuminate to apex; petiole 1cm long', 161, 0, 1),
(159, 'A laxly branched, 2m high shrub. Leaves mainly toward ends of branchlets, oblong, 17x4 cm, often smaller, midrib beneath and of nerves conspicuous, soft-pubescent on lower surface glabrate and darker above, subacute base broadly obtuse to cuneate; petiole', 162, 0, 1),
(160, 'Shrub, 2-3m high. Branchlets rather than lax and hirsute, older ones grayish white, lenticelled. leaves anisophyllous, membranous, much lighter green beneath, midrib with 9-12 faint nerves one each side, oft-hairy on both sides but especially on lower sur', 163, 0, 1),
(161, 'Suffrutescent herb, 30xm or more high. LEaves elliptic or elliptic-lanceolate, 6-10 x 2-4 cm, long acuminate, narrowed into petiole, nerves puberulous; stipules small. Cymes branched, subumbellate, spreading 5-7 cm in diameter, flat-topped, glabrous or pu', 164, 0, 1),
(162, 'A lax undershrub. Branchlets slender, obscurely angular, somewhat fluted, roughened by leaf-scars, glabrous. Leaves lanceolately oblong, 10-3.5 cm or less, pronounced midrib with 5-7 pairs of ascending nerves, gradually acuminate, base obtusely rounded; p', 165, 0, 1),
(165, 'A low, suffrutescent shrub. Leaves suboblong-lanceolate to obovate, 10x8 cm, often greatly varying in size; midrib with 10-15 pairs of nerves, usually finely pubescent on much paler lower side, sharply rounded, subcuneate to attenuate, base often a trifle', 168, 0, 1),
(166, 'A small, tree climber. Leaves subcoriaceous, narrowly oblong to elliptically oblong, 10x4 cm, midrib heairy when young with 4-6 much ascending, less conspicuous pairs of nerves, short-acute to acuminate, base obtuse to rounded; petioles 1cm long, tawny-to', 169, 0, 1),
(167, 'A tree climber. Branchlets rigid, minutely lenticelled, glabrate. Leaves rigidly coriaceous, acute, shining above, glabrous, 15x5-7 cm, those toward ends of branchlets much-reduced wit about 10 pairs of relatively obscure nerves, oblong, short, abruptly a', 170, 0, 1),
(168, 'A scandent, herbaceous, slightly pubescent or nearly glabrous vine; stems often purplish, prominently 2- to 4-angled, narrowly winged. Leaves ovate, entire, 5-15cm long, narrowed upward to acute or acuminate apex; base broad, subcordate or truncate.', 171, 0, 1),
(169, 'Climber. Leavesorbicular, 5-18 x 5-17 cm, cordate at base, 5- to 7-lobed, lobes broad-triangular to lanceolate, acuminate or acute to obtuse, its apex, mucronulate, coarsely dentate to crenate, sparsely to densely hairy on both sides; petioles 2-15 cm or ', 172, 0, 1),
(170, 'Stems grayish brown.Leaves broadly to narrowly ovate or oblong,7-10x3-12cm,subtruncate or acuminate at apex,truncate or subcordate at base,sparsely appressed-pilose.Penducles axillary,slender,5-20cm long,cymosely branched at apex;pedicles 1-2mm,densely ap', 173, 0, 1),
(171, '-', 174, 0, 1),
(172, '-', 175, 0, 1),
(173, '-', 176, 0, 1),
(174, '-', 177, 0, 1),
(176, 'A tree climber. Leaves subchartaceous, glabrate, oblong, 15x5 cm, pronounced midrib with 3 or 4 pairs of much-ascending nerves, obtusely rounded at both ends, shortly petioled. Panicles terminal or from ends of lateral branches, sometimes long and profuse', 179, 0, 1),
(177, 'Leaves ovate-round or obovately oblong, 30x20 cm, midrib stout and keeled beneath, with 7-2 pairs of prominent nerves, branched toward ends, cross bars evident, harsh on upper green surface, soft-pubescent beneath, short-acute,', 180, 0, 1),
(178, '-', 181, 0, 1),
(179, '-', 182, 0, 1),
(180, 'Suberect,lax shrub.Branchlets grayish-lepidote.Leaves ovately oblong,10-15x4-6cm,lower surface much paler and minutely stellate,slenderely acuminate;broadly obtuse to rounded base entire,otherwise obsurely dentate;petioles 1cm long,densely tomentose.', 183, 0, 1),
(181, '-', 184, 0, 1),
(182, '-', 185, 0, 1),
(183, 'Erect shrub or small tree. Twigs minutely pubescent at ends, coarse and quadrangular.Leaves ovately oblong to subelliptic, glabrous, 15x6 cm, frequently smaller, midrib ridged with 3-7 pairs of ascending nerves, entire or coarsely apiculate, acute to acum', 186, 0, 1),
(184, '-', 187, 0, 1),
(185, '-', 188, 0, 1),
(186, '-', 189, 0, 1),
(187, '-', 190, 0, 1),
(188, '-', 191, 0, 1),
(189, '-', 192, 0, 1),
(190, '-', 193, 0, 1),
(191, '-', 194, 0, 1),
(192, '-', 195, 0, 1),
(193, '-', 196, 0, 1),
(194, '-', 197, 0, 1),
(195, '-', 198, 0, 1),
(196, '-', 199, 0, 1),
(197, '-', 200, 0, 1),
(198, '-', 201, 0, 1),
(199, '-', 202, 0, 1),
(200, '-', 203, 0, 1),
(201, '-', 204, 0, 1),
(202, '-', 205, 0, 1),
(203, '-', 206, 0, 1),
(204, '-', 207, 0, 1),
(205, '-', 208, 0, 1),
(206, '-', 209, 0, 1),
(207, '-', 210, 0, 1),
(208, '-', 211, 0, 1),
(209, '-', 212, 0, 1),
(210, '-', 213, 0, 1),
(211, 'A laxly branched undershrub, stem and branches nodulose.Leaves 3cm wide by 3 times as long,glabrous,pale beneath,midrib with 5-8 pairs of ascendingly curved nerves,long-acuminate,obtuse to acute,base entire,otherwise', 214, 0, 1),
(212, '-', 215, 0, 1),
(213, '-', 216, 0, 1),
(214, '-', 217, 0, 1),
(215, '-', 218, 0, 1),
(216, '-', 219, 0, 1),
(217, '-', 220, 0, 1),
(218, '-', 221, 0, 1),
(219, '-', 222, 0, 1),
(220, '-', 223, 0, 1),
(221, '-', 224, 0, 1),
(222, '-', 225, 0, 1),
(223, '-', 226, 0, 1),
(224, '-', 227, 0, 1),
(225, '-', 228, 0, 1),
(226, '-', 229, 0, 1),
(227, '-', 230, 0, 1),
(228, '-', 231, 0, 1),
(229, '-', 232, 0, 1),
(230, '-', 233, 0, 1),
(231, '-', 234, 0, 1),
(232, '-', 235, 0, 1),
(233, '-', 236, 0, 1),
(234, '-', 237, 0, 1),
(235, '-', 238, 0, 1),
(236, '-', 239, 0, 1),
(237, '-', 240, 0, 1),
(238, '-', 241, 0, 1),
(239, '-', 242, 0, 1),
(240, '-', 243, 0, 1),
(241, '-', 244, 0, 1),
(242, '-', 245, 0, 1),
(243, '-', 246, 0, 1),
(244, '-', 247, 0, 1),
(245, '-', 248, 0, 1),
(246, '-', 249, 0, 1),
(247, '-', 250, 0, 1),
(248, 'Shrub,2-3cm high.Leaves mainly terminal,smaller ones lanceolately oblong,15x5cm,midrib with 10-15 pairs of nerves,slenderely acuminate;base acute or obtuse;petioles 2-3cm long.Flowers in subcampanulate,obtuse', 251, 0, 1),
(249, '-', 252, 0, 1),
(250, '-', 253, 0, 1),
(251, '-', 254, 0, 1),
(252, 'Stems glabrous. Roots nodal, restricted to beneath leaves. Leaves convex-orbicular, 2x2.5cm, deep red below green margins; base with 1-mm long conical projection. Inflorescence 1- to 4-flowered on erect peduncle,', 255, 0, 1),
(253, '-', 256, 0, 1),
(254, '-', 257, 0, 1),
(255, '-', 258, 0, 1),
(256, '-', 259, 0, 1),
(257, '-', 260, 0, 1),
(258, 'Spreading or subscandent shrub. Leaves opposite, simple, elliptic or ovately so, 8x5cm, midrib ridged beneath with 3-5 pairs of conspicuous nerves, obtuse and minutely pointed at apex, base obtuse to rounded; petioles short, usually articulate, somewhat p', 261, 0, 1),
(259, '-', 262, 0, 1),
(260, '-', 263, 0, 1),
(261, '-', 264, 0, 1),
(262, '-', 265, 0, 1),
(263, '-', 266, 0, 1),
(264, 'Shrub, 2-3m high. Leaves oblong or elliptic oblong, 6-14 x 2-5cm, glabrous, lucid above, midrib with 7-14 pairs of nerves, caudate, acute or obtuse, base acute; petioles 0.5-1.5cm long, inflorescence 1- to 8-flowered; pedicles glabrous,', 267, 0, 1),
(265, '-', 268, 0, 1),
(266, '-', 269, 0, 1),
(267, '-', 270, 0, 1),
(268, '-', 271, 0, 1),
(269, '-', 272, 0, 2),
(270, '-', 273, 0, 3),
(271, '-', 274, 0, 3),
(272, '-', 275, 0, 3),
(273, '-', 276, 0, 3),
(274, '-', 277, 0, 3),
(275, '-', 278, 0, 3),
(276, '-', 279, 0, 3),
(277, '-', 280, 0, 3),
(278, '-', 281, 0, 3),
(279, '-', 282, 0, 3),
(280, '-', 283, 0, 3),
(281, '-', 284, 0, 3),
(282, '-', 285, 0, 3),
(283, '-', 286, 0, 3),
(284, '-', 287, 0, 3),
(285, '-', 288, 0, 3),
(286, '-', 289, 0, 3),
(287, '-', 290, 0, 3),
(288, '-', 291, 0, 3),
(289, '-', 292, 0, 3),
(290, '-', 293, 0, 3),
(291, '-', 294, 0, 3),
(292, '-', 295, 0, 3),
(293, '-', 296, 0, 3),
(294, '-', 297, 0, 3),
(295, '-', 298, 0, 3),
(296, '-', 299, 0, 3),
(297, '-', 300, 0, 3),
(298, '-', 301, 0, 3),
(299, '-', 302, 0, 3),
(300, '-', 303, 0, 3),
(301, '-', 304, 0, 3),
(302, '-', 305, 0, 3),
(303, '-', 306, 0, 3),
(304, '-', 307, 0, 3),
(305, '-', 308, 0, 3),
(306, '-', 309, 0, 3),
(307, '-', 310, 0, 3),
(308, '-', 311, 0, 3),
(309, '-', 312, 0, 3),
(310, '-', 313, 0, 3),
(311, '-', 314, 0, 3),
(312, '-', 315, 0, 3),
(313, '-', 316, 0, 3),
(314, '-', 317, 0, 3),
(315, '-', 318, 0, 3),
(316, '-', 319, 0, 3),
(317, '-', 320, 0, 3),
(318, '-', 321, 0, 3),
(319, '-', 322, 0, 3),
(320, '-', 323, 0, 3),
(321, '-', 324, 0, 3),
(322, '-', 325, 0, 3),
(323, '-', 326, 0, 3),
(324, '-', 327, 0, 3),
(325, '-', 328, 0, 3),
(326, '-', 329, 0, 3),
(327, '-', 330, 0, 3),
(328, '-', 331, 0, 3),
(329, '-', 332, 0, 3),
(330, '-', 333, 0, 3),
(331, '-', 334, 0, 3),
(332, '-', 335, 0, 3),
(333, '-', 336, 0, 3),
(334, '-', 337, 0, 3),
(335, '-', 338, 0, 3),
(336, '-', 339, 0, 3),
(337, '--', 340, 0, 3),
(338, '-', 341, 0, 3),
(339, '-', 342, 0, 3),
(340, '-', 343, 0, 3),
(341, '-', 344, 0, 3),
(342, '-', 345, 0, 3),
(343, '-', 346, 0, 3),
(344, '-', 347, 0, 3),
(345, '-', 348, 0, 3),
(346, '-', 349, 0, 3),
(347, '-', 350, 0, 3),
(348, '-', 351, 0, 3),
(349, '-', 352, 0, 3),
(350, '-', 353, 0, 3),
(351, '-', 354, 0, 3),
(352, '-', 355, 0, 3),
(353, '-', 356, 0, 3),
(354, '-', 357, 0, 3),
(355, '-', 358, 0, 3),
(356, '-', 359, 0, 3),
(357, '-', 360, 0, 3),
(358, '-', 361, 0, 3),
(359, '-', 362, 0, 3),
(360, '-', 363, 0, 3),
(361, '-', 364, 0, 3),
(362, '-', 365, 0, 3),
(363, '-', 366, 0, 3),
(364, '-', 367, 0, 3),
(365, '-', 368, 0, 3),
(366, '-', 369, 0, 3),
(367, '-', 370, 0, 3),
(368, '-', 371, 0, 3),
(369, '-', 372, 0, 3),
(370, '-', 373, 0, 3),
(371, '-', 374, 0, 3),
(372, '-', 375, 0, 3),
(373, '-', 376, 0, 3),
(374, '-', 377, 0, 3),
(375, '-', 378, 0, 3),
(376, '-', 379, 0, 3),
(377, '-', 380, 0, 3),
(378, '-', 381, 0, 3),
(379, '-', 382, 0, 3),
(380, '-', 383, 0, 3),
(381, '-', 384, 0, 3),
(382, '-', 385, 0, 3),
(383, '-', 386, 0, 3),
(384, '-', 387, 0, 3),
(385, '-', 388, 0, 3),
(386, '-', 389, 0, 3),
(387, '-', 390, 0, 3),
(388, '-', 390, 0, 3),
(389, '-', 391, 0, 3),
(390, '-', 392, 0, 3),
(391, '-', 393, 0, 3),
(392, '-', 394, 0, 3),
(393, '-', 395, 0, 3),
(394, '-', 396, 0, 3),
(395, '-', 397, 0, 3),
(396, '-', 398, 0, 3),
(397, '-', 399, 0, 3),
(398, '-', 400, 0, 3),
(399, '-', 401, 0, 3),
(400, '-', 402, 0, 3),
(401, '-', 403, 0, 3),
(402, '-', 404, 0, 3),
(403, '-', 405, 0, 3),
(404, '-', 406, 0, 3),
(405, '-', 407, 0, 3),
(406, '-', 408, 0, 3),
(407, '-', 409, 0, 3),
(408, '-', 410, 0, 3),
(409, '-', 411, 0, 3),
(410, '-', 412, 0, 3),
(411, '-', 413, 0, 3),
(412, '-', 414, 0, 3),
(413, '-', 415, 0, 3),
(414, '-', 416, 0, 3),
(415, '-', 417, 0, 3),
(416, '-', 418, 0, 3),
(417, '-', 419, 0, 3),
(418, '-', 420, 0, 3),
(419, '-', 421, 0, 3),
(420, '-', 422, 0, 3),
(421, '-', 423, 0, 3),
(422, '-', 424, 0, 3),
(423, '-', 425, 0, 3),
(424, '-', 426, 0, 3),
(425, '-', 427, 0, 3),
(426, '-', 428, 0, 3),
(427, '-', 429, 0, 3),
(428, '-', 430, 0, 3),
(429, '-', 431, 0, 3),
(430, '-', 432, 0, 3),
(431, '-', 433, 0, 3),
(432, '-', 434, 0, 3),
(433, '-', 435, 0, 3),
(434, '-', 436, 0, 3),
(435, '-', 437, 0, 3),
(436, '-', 438, 0, 3),
(437, '-', 439, 0, 3),
(438, '-', 440, 0, 3),
(439, '-', 441, 0, 3),
(440, '-', 442, 0, 3),
(441, '-', 443, 0, 3),
(442, '-', 444, 0, 3),
(443, '-', 445, 0, 3),
(444, '-', 446, 0, 3),
(445, '-', 447, 0, 3),
(446, '-', 448, 0, 3),
(447, '-', 449, 0, 3),
(448, '-', 450, 0, 3),
(449, '-', 451, 0, 3),
(450, '-', 452, 0, 3),
(451, '-', 453, 0, 3),
(452, '-', 454, 0, 3),
(453, '-', 455, 0, 3),
(454, '-', 456, 0, 3),
(455, '-', 457, 0, 3),
(456, '-', 458, 0, 3),
(457, '-', 459, 0, 3),
(458, '-', 460, 0, 3),
(459, '-', 461, 0, 3),
(460, '-', 462, 0, 3),
(461, '-', 463, 0, 3),
(462, '-', 464, 0, 3),
(463, '-', 465, 0, 3),
(464, '-', 466, 0, 3),
(465, '-', 467, 0, 3),
(466, '-', 468, 0, 3),
(467, '-', 469, 0, 3),
(468, '-', 470, 0, 3),
(469, '-', 471, 0, 3),
(470, '-', 472, 0, 3),
(471, '-', 473, 0, 3),
(472, '-', 474, 0, 3),
(473, '-', 475, 0, 3),
(474, '-', 476, 0, 3),
(475, '-', 476, 0, 3),
(476, '-', 477, 0, 3),
(477, '-', 478, 0, 3),
(478, '-', 479, 0, 3),
(479, '-', 480, 0, 3),
(480, '-', 481, 0, 3),
(481, '-', 482, 0, 3),
(482, '-', 483, 0, 3),
(483, '-', 484, 0, 3),
(484, '-', 485, 0, 3),
(485, '-', 486, 0, 3),
(486, '-', 487, 0, 3),
(487, '-', 488, 0, 3),
(488, '-', 489, 0, 3),
(489, '-', 490, 0, 3),
(490, '-', 491, 0, 3),
(491, '-', 492, 0, 3),
(492, '-', 493, 0, 3),
(493, '-', 494, 0, 3),
(494, '-', 495, 0, 3),
(495, '-', 496, 0, 3),
(496, '-', 497, 0, 3),
(497, '-', 498, 0, 3),
(498, '-', 499, 0, 3),
(499, '-', 500, 0, 3),
(500, '-', 501, 0, 3),
(501, '-', 502, 0, 3),
(502, '-', 503, 0, 3),
(503, '-', 504, 0, 3),
(504, '-', 505, 0, 3),
(505, '-', 506, 0, 3),
(506, '-', 507, 0, 3),
(507, '--', 508, 0, 3),
(508, '-', 509, 0, 3),
(509, '-', 510, 0, 3),
(510, '-', 511, 0, 3),
(511, '-', 512, 0, 3),
(512, '-', 513, 0, 3),
(513, '-', 514, 0, 3),
(514, '-', 515, 0, 3),
(515, '-', 516, 0, 3),
(516, '-', 517, 0, 3),
(517, '-', 518, 0, 3),
(518, '-', 519, 0, 3),
(519, '-', 520, 0, 3),
(520, '-', 521, 0, 3),
(521, '-', 522, 0, 3),
(522, '-', 523, 0, 3),
(523, '-', 524, 0, 3),
(524, '-', 525, 0, 3),
(525, '-', 526, 0, 3),
(526, '-', 527, 0, 3),
(527, '-', 528, 0, 3),
(528, '-', 529, 0, 3),
(529, '-', 530, 0, 3),
(530, '-', 531, 0, 3),
(531, '-', 532, 0, 3),
(532, '-', 533, 0, 3),
(533, '-', 534, 0, 3),
(534, '-', 535, 0, 3),
(535, '-', 536, 0, 3),
(536, '-', 537, 0, 3),
(537, '-', 538, 0, 3),
(538, '-', 539, 0, 3),
(539, '-', 540, 0, 3),
(540, '-', 541, 0, 3),
(541, '-', 542, 0, 3),
(542, '-', 543, 0, 3),
(543, '-', 544, 0, 3),
(544, '-', 545, 0, 3),
(545, '-', 546, 0, 3),
(546, '-', 547, 0, 3),
(547, '-', 548, 0, 3),
(548, '-', 549, 0, 3),
(549, '-', 550, 0, 3),
(550, '-', 551, 0, 3),
(551, '-', 552, 0, 3),
(552, '-', 553, 0, 3),
(553, '-', 554, 0, 3),
(554, '-', 555, 0, 3),
(555, '-', 556, 0, 3),
(556, '-', 557, 0, 3),
(557, '-', 558, 0, 3),
(558, '-', 559, 0, 3),
(559, '-', 560, 0, 3),
(560, '-', 561, 0, 3),
(561, '-', 562, 0, 3),
(562, '-', 563, 0, 3),
(563, '-', 564, 0, 3),
(564, '-', 565, 0, 3),
(565, '-', 566, 0, 3),
(566, '-', 567, 0, 3),
(567, '-', 568, 0, 3),
(568, '-', 569, 0, 3),
(569, '-', 570, 0, 3),
(570, '-', 571, 0, 3),
(571, '-', 572, 0, 3),
(572, '-', 573, 0, 3),
(573, '-', 574, 0, 3),
(574, '-', 575, 0, 3),
(575, '-', 576, 0, 3),
(576, 'Stems sparsely appressed-pilose to glabrescent. Leaves ovate-oblong or narrowly lanceolate,7-12x2-8cm;apex acute to acuminate,rounded to truncate at base or often cuneate,glabrous except for few hairs along nerves;nerve 5-7 on either side of midrib;petiol', 577, 0, 4),
(577, '-', 578, 0, 4),
(578, '-', 579, 0, 5),
(579, '-', 580, 0, 5),
(580, '-', 581, 0, 3),
(581, '-', 582, 0, 3),
(582, '-', 583, 0, 3),
(583, '-', 584, 0, 3),
(584, '-', 585, 0, 3),
(585, '-', 586, 0, 1),
(586, 'Undershrub.Leaves oblong to subelliptic,10x4-5cm,stout midrib with 7-9 pairs of nerves,acute,base,usually obtuse;petioles 1cm long;stipules short,broad,uaually fringed on inner side leaving conspicuous scar after falling.', 587, 0, 1),
(587, '-', 588, 0, 1),
(588, '-', 589, 0, 1),
(589, '-', 590, 0, 1),
(590, '-', 591, 0, 1),
(591, '-', 592, 0, 1),
(592, '-', 593, 0, 1),
(593, '-', 594, 0, 1),
(594, '-', 595, 0, 1),
(595, '-', 596, 0, 1),
(596, '-', 597, 0, 1),
(597, '-', 598, 0, 1),
(598, '-', 599, 0, 1),
(599, '-', 600, 0, 1),
(600, '-', 601, 0, 1),
(601, '-', 602, 0, 1),
(602, '-', 603, 0, 1),
(603, '-', 604, 0, 1),
(604, '-', 605, 0, 1),
(605, '-', 606, 0, 1),
(606, '-', 607, 0, 1),
(607, '-', 608, 0, 1),
(608, '-', 609, 0, 1),
(609, '-', 610, 0, 1),
(610, '-', 611, 0, 1),
(611, '-', 612, 0, 1),
(612, '-', 613, 0, 1),
(613, '-', 614, 0, 1),
(614, '-', 615, 0, 1),
(615, '-', 616, 0, 1),
(616, '-', 617, 0, 1),
(617, '-', 618, 0, 1),
(618, '-', 619, 0, 1),
(619, '-', 620, 0, 1),
(620, '-', 621, 0, 1),
(621, '-', 622, 0, 1),
(622, '-', 623, 0, 1),
(623, '-', 624, 0, 1),
(624, '-', 625, 0, 1),
(625, '-', 626, 0, 1),
(626, '-', 627, 0, 1),
(627, '-', 628, 0, 1),
(628, '-', 629, 0, 1),
(629, '-', 630, 0, 1),
(630, '-', 631, 0, 1),
(631, '-', 632, 0, 1),
(632, '-', 633, 0, 1),
(633, '-', 634, 0, 1),
(634, '-', 635, 0, 1),
(635, '-', 636, 0, 1),
(636, '-', 637, 0, 1),
(637, '-', 638, 0, 1),
(638, '-', 639, 0, 1),
(639, '-', 640, 0, 1),
(640, '-', 641, 0, 1),
(641, '-', 642, 0, 1),
(642, '-', 643, 0, 1),
(643, '-', 644, 0, 1),
(644, '-', 645, 0, 1),
(645, '-', 646, 0, 1),
(646, '-', 647, 0, 1),
(647, '-', 648, 0, 1),
(648, '-', 649, 0, 1),
(649, '-', 650, 0, 1),
(650, '-', 651, 0, 1),
(651, '-', 652, 0, 1),
(652, '-', 653, 0, 1),
(653, '-', 654, 0, 1),
(654, '-', 655, 0, 1),
(655, '-', 656, 0, 1),
(656, '-', 657, 0, 1),
(657, '-', 658, 0, 1),
(658, '-', 659, 0, 1),
(659, '-', 660, 0, 1),
(660, '-', 661, 0, 1),
(661, '-', 662, 0, 1),
(662, '-', 663, 0, 1),
(663, '-', 664, 0, 1),
(664, '-', 665, 0, 1),
(665, '-', 666, 0, 1),
(666, '-', 667, 0, 1),
(667, '-', 668, 0, 1),
(668, '-', 669, 0, 1),
(669, '-', 670, 0, 1),
(670, '-', 671, 0, 1),
(671, '-', 672, 0, 1),
(672, '-', 673, 0, 1),
(673, '-', 674, 0, 1),
(674, '-', 675, 0, 1),
(675, '-', 676, 0, 1),
(676, '-', 677, 0, 1),
(677, '-', 678, 0, 1),
(678, '-', 679, 0, 1),
(679, '-', 680, 0, 1),
(680, '-', 681, 0, 1),
(681, '-', 682, 0, 1),
(682, '-', 683, 0, 1),
(683, '-', 684, 0, 1),
(684, '-', 685, 0, 1),
(685, '-', 686, 0, 1),
(686, '-', 687, 0, 1),
(687, '-', 688, 0, 1),
(688, '-', 689, 0, 1),
(689, '-', 690, 0, 1),
(690, '-', 691, 0, 1),
(691, '-', 692, 0, 1),
(692, '-', 693, 0, 1),
(693, '-', 694, 0, 1),
(694, '-', 695, 0, 1),
(695, '-', 696, 0, 1),
(696, '-', 697, 0, 1),
(697, '-', 698, 0, 1),
(698, '-', 699, 0, 1),
(699, '-', 700, 0, 1),
(700, '-', 701, 0, 1),
(701, '-', 702, 0, 1),
(702, '-', 703, 0, 1),
(703, '-', 704, 0, 1),
(704, '-', 705, 0, 1),
(705, '-', 706, 0, 1),
(706, '-', 707, 0, 1),
(707, '-', 708, 0, 1),
(708, '-', 709, 0, 1),
(709, '-', 710, 0, 1),
(710, '-', 711, 0, 1),
(711, '-', 712, 0, 1),
(712, '-', 713, 0, 1),
(713, '-', 714, 0, 1),
(714, '-', 715, 0, 1),
(715, '-', 716, 0, 1),
(716, '-', 717, 0, 1),
(717, '-', 718, 0, 1),
(718, '-', 719, 0, 1),
(719, '-', 720, 0, 1),
(720, '-', 721, 0, 1),
(722, '-', 723, 0, 1),
(723, '-', 724, 0, 1),
(724, 'Undershrub.Leaves oblong to subelliptic,smaller ones lanceolate,12x4-6cm ridged midrib with 7-10 divaricate nerves with inarching ends,acute;bae obtuse to subcuneate;petioles 1-2cm long.Cymes penducled arising fromupper as well as lower leaf axils,glabrat', 726, 0, 1),
(725, 'A low shrub.Leaves sessile,ovately oblong or very unequal in size,usually 15x5cm,conspicuous midrib with 7-10 obscure pairs of nerves,mottled,subentire or obscurely crenate,acute to sharply acuminate,base subpandurate.Inflorescence upon extended branchlet', 12, 0, 1),
(726, 'no records found', 13, 0, 1),
(727, 'Erect shrub or small tree. Leaves oblong, 6x15 cm, occasinally much smaller, broadly lanceolate or even longer; midrib raised beneath with 10 pairs of ascendingly curved nerves, obtuse to subacuminate; base obtuse or subcuneate; petioles 1.5-2 cm long; st', 727, 0, 1),
(728, 'no records found', 728, 0, 1);

-- --------------------------------------------------------

--
-- Table structure for table `domain`
--

CREATE TABLE IF NOT EXISTS `domain` (
  `domain_id` int(11) NOT NULL AUTO_INCREMENT,
  `domain` varchar(45) DEFAULT NULL,
  PRIMARY KEY (`domain_id`)
) ENGINE=InnoDB  DEFAULT CHARSET=latin1 AUTO_INCREMENT=7 ;

--
-- Dumping data for table `domain`
--

INSERT INTO `domain` (`domain_id`, `domain`) VALUES
(4, 'Eukarya'),
(5, 'Archaea'),
(6, 'Bacteria');

-- --------------------------------------------------------

--
-- Table structure for table `economic_use`
--

CREATE TABLE IF NOT EXISTS `economic_use` (
  `economic_use_id` int(11) NOT NULL AUTO_INCREMENT,
  `economic_use` varchar(511) DEFAULT NULL,
  `reference_code` int(11) NOT NULL,
  `reference_number` int(11) NOT NULL,
  `species_taxon_id` int(11) NOT NULL,
  PRIMARY KEY (`economic_use_id`)
) ENGINE=InnoDB DEFAULT CHARSET=latin1 AUTO_INCREMENT=1 ;

-- --------------------------------------------------------

--
-- Table structure for table `encoder_information`
--

CREATE TABLE IF NOT EXISTS `encoder_information` (
  `encoder_information_id` int(11) NOT NULL AUTO_INCREMENT,
  `encoder_name` varchar(45) DEFAULT NULL,
  `encoder_date` varchar(45) DEFAULT NULL,
  `edited_by` varchar(45) DEFAULT NULL,
  `edited_date` varchar(45) DEFAULT NULL,
  `species_taxon_id` int(11) NOT NULL,
  PRIMARY KEY (`encoder_information_id`)
) ENGINE=InnoDB  DEFAULT CHARSET=latin1 AUTO_INCREMENT=729 ;

--
-- Dumping data for table `encoder_information`
--

INSERT INTO `encoder_information` (`encoder_information_id`, `encoder_name`, `encoder_date`, `edited_by`, `edited_date`, `species_taxon_id`) VALUES
(1, 'admin', '07/12/2012', 'admin', '04/30/2013', 1),
(2, 'admin', '07/12/2012', 'admin', '01/07/2013', 2),
(3, 'admin', '07/12/2012', 'admin', '01/07/2013', 3),
(4, 'admin', '07/12/2012', 'admin', '01/07/2013', 4),
(5, 'admin', '07/12/2012', 'admin', '01/07/2013', 5),
(6, 'admin', '07/12/2012', 'admin', '01/07/2013', 6),
(7, 'admin', '07/12/2012', 'admin', '01/07/2013', 7),
(8, 'admin', '07/12/2012', 'admin', '01/07/2013', 8),
(9, 'admin', '07/12/2012', 'admin', '01/07/2013', 9),
(10, 'admin', '07/12/2012', 'admin', '01/07/2013', 10),
(11, 'admin', '07/12/2012', 'admin', '01/07/2013', 11),
(12, 'admin', '07/12/2012', 'admin', '01/07/2013', 14),
(15, 'admin', '07/13/2012', 'admin', '01/07/2013', 17),
(17, 'admin', '07/13/2012', 'admin', '01/07/2013', 19),
(18, 'admin', '07/13/2012', 'admin', '01/07/2013', 20),
(19, 'admin', '07/13/2012', 'admin', '01/07/2013', 21),
(20, 'admin', '07/13/2012', 'admin', '01/07/2013', 22),
(21, 'admin', '07/13/2012', 'admin', '01/07/2013', 23),
(22, 'admin', '07/13/2012', NULL, NULL, 24),
(23, 'admin', '07/13/2012', 'admin', '04/30/2013', 25),
(24, 'admin', '07/13/2012', 'admin', '01/07/2013', 26),
(25, 'admin', '07/13/2012', 'admin', '01/08/2013', 27),
(26, 'admin', '07/13/2012', 'admin', '01/08/2013', 28),
(27, 'admin', '07/13/2012', 'admin', '01/08/2013', 29),
(28, 'admin', '07/13/2012', 'admin', '01/07/2013', 30),
(29, 'admin', '07/13/2012', NULL, NULL, 31),
(30, 'admin', '07/13/2012', NULL, NULL, 32),
(31, 'admin', '07/13/2012', NULL, NULL, 33),
(32, 'admin', '07/13/2012', 'admin', '01/07/2013', 34),
(33, 'admin', '07/13/2012', NULL, NULL, 35),
(34, 'admin', '07/13/2012', 'admin', '01/08/2013', 36),
(35, 'admin', '07/13/2012', 'admin', '01/08/2013', 37),
(36, 'admin', '07/13/2012', 'admin', '01/08/2013', 38),
(37, 'admin', '07/13/2012', 'admin', '01/08/2013', 39),
(38, 'admin', '07/13/2012', 'admin', '01/08/2013', 40),
(39, 'admin', '07/13/2012', 'admin', '01/08/2013', 41),
(40, 'admin', '07/13/2012', 'admin', '01/08/2013', 42),
(41, 'admin', '07/13/2012', 'admin', '01/08/2013', 43),
(42, 'admin', '07/13/2012', 'admin', '01/08/2013', 44),
(43, 'admin', '07/13/2012', 'admin', '01/08/2013', 45),
(44, 'admin', '07/13/2012', 'admin', '01/08/2013', 46),
(45, 'admin', '07/13/2012', NULL, NULL, 47),
(46, 'admin', '07/13/2012', 'admin', '01/08/2013', 48),
(47, 'admin', '07/13/2012', 'admin', '01/08/2013', 49),
(48, 'admin', '07/13/2012', 'admin', '01/08/2013', 50),
(49, 'admin', '07/13/2012', 'admin', '01/08/2013', 51),
(50, 'admin', '07/13/2012', NULL, NULL, 52),
(51, 'admin', '07/13/2012', NULL, NULL, 53),
(52, 'admin', '07/13/2012', NULL, NULL, 54),
(53, 'admin', '07/13/2012', NULL, NULL, 55),
(54, 'admin', '07/13/2012', NULL, NULL, 56),
(55, 'admin', '07/13/2012', NULL, NULL, 57),
(56, 'admin', '07/13/2012', NULL, NULL, 58),
(57, 'admin', '07/13/2012', NULL, NULL, 59),
(58, 'admin', '07/13/2012', NULL, NULL, 60),
(59, 'admin', '07/13/2012', NULL, NULL, 61),
(60, 'admin', '07/13/2012', NULL, NULL, 62),
(61, 'admin', '07/13/2012', NULL, NULL, 63),
(62, 'admin', '07/13/2012', NULL, NULL, 64),
(63, 'admin', '07/13/2012', 'admin', '01/07/2013', 65),
(64, 'admin', '07/13/2012', NULL, NULL, 66),
(65, 'admin', '07/13/2012', 'admin', '01/09/2013', 67),
(66, 'admin', '07/13/2012', NULL, NULL, 68),
(67, 'admin', '07/13/2012', 'admin', '01/08/2013', 69),
(68, 'admin', '07/13/2012', 'admin', '01/09/2013', 70),
(69, 'admin', '07/13/2012', 'admin', '01/08/2013', 71),
(70, 'admin', '07/13/2012', 'admin', '01/08/2013', 72),
(71, 'admin', '07/13/2012', 'admin', '01/08/2013', 73),
(72, 'admin', '07/13/2012', 'admin', '01/08/2013', 74),
(73, 'admin', '07/13/2012', 'admin', '01/08/2013', 75),
(74, 'admin', '07/13/2012', 'admin', '01/08/2013', 76),
(75, 'admin', '07/13/2012', 'admin', '01/08/2013', 77),
(76, 'admin', '07/13/2012', 'admin', '01/08/2013', 78),
(77, 'admin', '07/13/2012', 'admin', '01/08/2013', 79),
(78, 'admin', '07/13/2012', 'admin', '01/08/2013', 80),
(79, 'admin', '07/13/2012', 'admin', '01/08/2013', 81),
(80, 'admin', '07/13/2012', 'admin', '01/08/2013', 82),
(81, 'admin', '07/13/2012', 'admin', '01/08/2013', 84),
(82, 'admin', '07/13/2012', 'admin', '01/08/2013', 85),
(83, 'admin', '07/13/2012', 'admin', '01/08/2013', 86),
(84, 'admin', '07/13/2012', 'admin', '01/08/2013', 87),
(85, 'admin', '07/13/2012', 'admin', '01/08/2013', 88),
(86, 'admin', '07/13/2012', 'admin', '01/08/2013', 89),
(87, 'admin', '07/13/2012', 'admin', '01/08/2013', 90),
(88, 'admin', '07/13/2012', 'admin', '01/08/2013', 91),
(89, 'admin', '07/13/2012', 'admin', '01/08/2013', 92),
(90, 'admin', '07/13/2012', 'admin', '01/08/2013', 93),
(91, 'admin', '07/13/2012', 'admin', '01/08/2013', 94),
(92, 'admin', '07/13/2012', NULL, NULL, 95),
(93, 'admin', '07/13/2012', NULL, NULL, 96),
(94, 'admin', '07/13/2012', 'admin', '01/08/2013', 97),
(95, 'admin', '07/13/2012', 'admin', '01/08/2013', 98),
(96, 'admin', '07/13/2012', 'admin', '01/08/2013', 99),
(97, 'admin', '07/13/2012', 'admin', '01/08/2013', 100),
(98, 'admin', '07/13/2012', 'admin', '01/08/2013', 101),
(99, 'admin', '07/13/2012', 'admin', '01/08/2013', 102),
(100, 'admin', '07/13/2012', 'admin', '01/08/2013', 103),
(101, 'admin', '07/20/2012', 'admin', '01/08/2013', 104),
(102, 'admin', '07/13/2012', 'admin', '01/09/2013', 105),
(103, 'admin', '07/13/2012', 'admin', '01/09/2013', 106),
(104, 'admin', '07/13/2012', 'admin', '01/09/2013', 107),
(105, 'admin', '07/13/2012', 'admin', '01/09/2013', 108),
(106, 'admin', '07/13/2012', 'admin', '01/09/2013', 109),
(107, 'admin', '07/13/2012', 'admin', '01/09/2013', 110),
(108, 'admin', '07/13/2012', 'admin', '01/09/2013', 111),
(109, 'admin', '07/13/2012', 'admin', '01/09/2013', 112),
(110, 'admin', '07/13/2012', 'admin', '01/09/2013', 113),
(111, 'admin', '07/13/2012', 'admin', '01/09/2013', 114),
(112, 'admin', '07/13/2012', 'admin', '01/09/2013', 115),
(113, 'admin', '07/13/2012', 'admin', '01/09/2013', 116),
(114, 'admin', '07/13/2012', 'admin', '01/09/2013', 117),
(115, 'admin', '07/13/2012', 'admin', '01/09/2013', 118),
(116, 'admin', '07/13/2012', 'admin', '01/09/2013', 119),
(117, 'admin', '07/13/2012', 'admin', '01/09/2013', 120),
(118, 'admin', '07/13/2012', 'admin', '01/09/2013', 121),
(119, 'admin', '07/13/2012', 'admin', '01/09/2013', 122),
(120, 'admin', '07/13/2012', 'admin', '01/09/2013', 123),
(121, 'admin', '07/13/2012', 'admin', '01/09/2013', 124),
(122, 'admin', '07/13/2012', 'admin', '01/09/2013', 125),
(123, 'admin', '07/13/2012', 'admin', '01/09/2013', 126),
(124, 'admin', '07/13/2012', 'admin', '01/09/2013', 127),
(125, 'admin', '07/13/2012', 'admin', '01/09/2013', 128),
(126, 'admin', '07/13/2012', 'admin', '01/09/2013', 129),
(127, 'admin', '07/13/2012', 'admin', '01/09/2013', 130),
(128, 'admin', '07/13/2012', 'admin', '01/09/2013', 131),
(130, 'admin', '07/13/2012', 'admin', '01/09/2013', 133),
(131, 'admin', '07/13/2012', 'admin', '01/09/2013', 134),
(132, 'admin', '07/13/2012', 'admin', '01/09/2013', 135),
(133, 'admin', '07/13/2012', 'admin', '01/09/2013', 136),
(134, 'admin', '07/13/2012', 'admin', '01/09/2013', 137),
(135, 'admin', '07/13/2012', 'admin', '01/07/2013', 138),
(137, 'admin', '07/13/2012', 'admin', '01/07/2013', 140),
(138, 'admin', '07/13/2012', 'admin', '01/09/2013', 141),
(139, 'admin', '07/13/2012', 'admin', '01/09/2013', 142),
(140, 'admin', '07/13/2012', 'admin', '01/10/2013', 143),
(141, 'admin', '07/13/2012', 'admin', '01/10/2013', 144),
(142, 'admin', '07/13/2012', 'admin', '01/10/2013', 145),
(143, 'admin', '07/13/2012', 'admin', '01/10/2013', 146),
(144, 'admin', '07/13/2012', 'admin', '01/10/2013', 147),
(145, 'admin', '07/13/2012', 'admin', '01/10/2013', 148),
(146, 'admin', '07/13/2012', 'admin', '01/10/2013', 149),
(147, 'admin', '07/13/2012', 'admin', '01/10/2013', 150),
(148, 'admin', '07/13/2012', 'admin', '01/10/2013', 151),
(149, 'admin', '07/13/2012', NULL, NULL, 152),
(150, 'admin', '07/13/2012', NULL, NULL, 153),
(151, 'admin', '07/13/2012', NULL, NULL, 154),
(152, 'admin', '07/13/2012', NULL, NULL, 155),
(153, 'admin', '07/13/2012', NULL, NULL, 156),
(154, 'admin', '07/13/2012', NULL, NULL, 157),
(156, 'admin', '07/13/2012', NULL, NULL, 159),
(157, 'admin', '07/13/2012', NULL, NULL, 160),
(158, 'admin', '07/13/2012', 'admin', '01/10/2013', 161),
(159, 'admin', '07/13/2012', 'admin', '01/10/2013', 162),
(160, 'admin', '07/13/2012', 'admin', '04/26/2013', 163),
(161, 'admin', '07/13/2012', 'admin', '01/10/2013', 164),
(162, 'admin', '07/13/2012', 'admin', '01/10/2013', 165),
(165, 'admin', '07/13/2012', 'admin', '01/10/2013', 168),
(166, 'admin', '07/13/2012', 'admin', '01/10/2013', 169),
(167, 'admin', '07/13/2012', 'admin', '01/10/2013', 170),
(168, 'admin', '07/13/2012', 'admin', '01/10/2013', 171),
(169, 'admin', '07/13/2012', 'admin', '01/10/2013', 172),
(170, 'admin', '07/13/2012', 'admin', '01/07/2013', 173),
(171, 'admin', '07/13/2012', 'admin', '01/07/2013', 174),
(172, 'admin', '07/13/2012', NULL, NULL, 175),
(173, 'admin', '07/13/2012', NULL, NULL, 176),
(174, 'admin', '07/13/2012', NULL, NULL, 177),
(176, 'admin', '07/13/2012', 'admin', '01/10/2013', 179),
(177, 'admin', '07/13/2012', 'admin', '01/10/2013', 180),
(178, 'admin', '07/13/2012', 'admin', '01/07/2013', 181),
(179, 'admin', '07/13/2012', 'admin', '01/07/2013', 182),
(180, 'admin', '07/13/2012', 'admin', '01/07/2013', 183),
(181, 'admin', '07/13/2012', 'admin', '01/07/2013', 184),
(182, 'admin', '07/13/2012', 'admin', '01/10/2013', 185),
(183, 'admin', '07/13/2012', 'admin', '01/10/2013', 186),
(184, 'admin', '07/13/2012', NULL, NULL, 187),
(185, 'admin', '07/13/2012', NULL, NULL, 188),
(186, 'admin', '07/13/2012', NULL, NULL, 189),
(187, 'admin', '07/13/2012', NULL, NULL, 190),
(188, 'admin', '07/13/2012', NULL, NULL, 191),
(189, 'admin', '07/13/2012', NULL, NULL, 192),
(190, 'admin', '07/13/2012', NULL, NULL, 193),
(191, 'admin', '07/13/2012', NULL, NULL, 194),
(192, 'admin', '07/13/2012', NULL, NULL, 195),
(193, 'admin', '07/13/2012', NULL, NULL, 196),
(194, 'admin', '07/13/2012', NULL, NULL, 197),
(195, 'admin', '07/13/2012', NULL, NULL, 198),
(196, 'admin', '07/13/2012', NULL, NULL, 199),
(197, 'admin', '07/13/2012', NULL, NULL, 200),
(198, 'admin', '07/13/2012', NULL, NULL, 201),
(199, 'admin', '07/13/2012', NULL, NULL, 202),
(200, 'admin', '07/13/2012', NULL, NULL, 203),
(201, 'admin', '07/13/2012', NULL, NULL, 204),
(202, 'admin', '07/13/2012', NULL, NULL, 205),
(203, 'admin', '07/13/2012', NULL, NULL, 206),
(204, 'admin', '07/13/2012', NULL, NULL, 207),
(205, 'admin', '07/13/2012', NULL, NULL, 208),
(206, 'admin', '07/13/2012', NULL, NULL, 209),
(207, 'admin', '07/13/2012', NULL, NULL, 210),
(208, 'admin', '07/13/2012', NULL, NULL, 211),
(209, 'admin', '07/13/2012', NULL, NULL, 212),
(210, 'admin', '07/13/2012', NULL, NULL, 213),
(211, 'admin', '07/13/2012', 'admin', '01/07/2013', 214),
(212, 'admin', '07/13/2012', NULL, NULL, 215),
(213, 'admin', '07/13/2012', NULL, NULL, 216),
(214, 'admin', '07/13/2012', NULL, NULL, 217),
(215, 'admin', '07/13/2012', NULL, NULL, 218),
(216, 'admin', '07/13/2012', NULL, NULL, 219),
(217, 'admin', '07/13/2012', NULL, NULL, 220),
(218, 'admin', '07/13/2012', NULL, NULL, 221),
(219, 'admin', '07/13/2012', NULL, NULL, 222),
(220, 'admin', '07/13/2012', NULL, NULL, 223),
(221, 'admin', '07/13/2012', NULL, NULL, 224),
(222, 'admin', '07/13/2012', NULL, NULL, 225),
(223, 'admin', '07/13/2012', NULL, NULL, 226),
(224, 'admin', '07/13/2012', NULL, NULL, 227),
(225, 'admin', '07/13/2012', NULL, NULL, 228),
(226, 'admin', '07/13/2012', NULL, NULL, 229),
(227, 'admin', '07/13/2012', NULL, NULL, 230),
(228, 'admin', '07/13/2012', NULL, NULL, 231),
(229, 'admin', '07/13/2012', NULL, NULL, 232),
(230, 'admin', '07/13/2012', NULL, NULL, 233),
(231, 'admin', '07/13/2012', NULL, NULL, 234),
(232, 'admin', '07/13/2012', NULL, NULL, 235),
(233, 'admin', '07/13/2012', NULL, NULL, 236),
(234, 'admin', '07/13/2012', NULL, NULL, 237),
(235, 'admin', '07/13/2012', NULL, NULL, 238),
(236, 'admin', '07/13/2012', NULL, NULL, 239),
(237, 'admin', '07/13/2012', NULL, NULL, 240),
(238, 'admin', '07/13/2012', NULL, NULL, 241),
(239, 'admin', '07/13/2012', NULL, NULL, 242),
(240, 'admin', '07/13/2012', NULL, NULL, 243),
(241, 'admin', '07/13/2012', NULL, NULL, 244),
(242, 'admin', '07/13/2012', NULL, NULL, 245),
(243, 'admin', '07/13/2012', NULL, NULL, 246),
(244, 'admin', '07/13/2012', NULL, NULL, 247),
(245, 'admin', '07/13/2012', NULL, NULL, 248),
(246, 'admin', '07/13/2012', 'admin', '01/07/2013', 249),
(247, 'admin', '07/13/2012', NULL, NULL, 250),
(248, 'admin', '07/13/2012', 'admin', '01/07/2013', 251),
(249, 'admin', '07/13/2012', NULL, NULL, 252),
(250, 'admin', '07/13/2012', NULL, NULL, 253),
(251, 'admin', '07/13/2012', NULL, NULL, 254),
(252, 'admin', '07/13/2012', 'admin', '01/09/2013', 255),
(253, 'admin', '07/13/2012', NULL, NULL, 256),
(254, 'admin', '07/13/2012', NULL, NULL, 257),
(255, 'admin', '07/13/2012', NULL, NULL, 258),
(256, 'admin', '07/13/2012', NULL, NULL, 259),
(257, 'admin', '07/13/2012', NULL, NULL, 260),
(258, 'admin', '07/13/2012', 'admin', '01/09/2013', 261),
(259, 'admin', '07/13/2012', NULL, NULL, 262),
(260, 'admin', '07/13/2012', NULL, NULL, 263),
(261, 'admin', '07/13/2012', NULL, NULL, 264),
(262, 'admin', '07/13/2012', NULL, NULL, 265),
(263, 'admin', '07/13/2012', NULL, NULL, 266),
(264, 'admin', '07/13/2012', 'admin', '01/09/2013', 267),
(265, 'admin', '07/13/2012', NULL, NULL, 268),
(266, 'admin', '07/13/2012', NULL, NULL, 269),
(267, 'admin', '07/13/2012', NULL, NULL, 270),
(268, 'admin', '07/13/2012', NULL, NULL, 271),
(269, 'admin', '07/16/2012', NULL, NULL, 272),
(270, 'admin', '07/16/2012', NULL, NULL, 273),
(271, 'admin', '07/16/2012', NULL, NULL, 274),
(272, 'admin', '07/16/2012', NULL, NULL, 275),
(273, 'admin', '07/16/2012', NULL, NULL, 276),
(274, 'admin', '07/16/2012', NULL, NULL, 277),
(275, 'admin', '07/16/2012', NULL, NULL, 278),
(276, 'admin', '07/16/2012', NULL, NULL, 279),
(277, 'admin', '07/16/2012', NULL, NULL, 280),
(278, 'admin', '07/16/2012', NULL, NULL, 281),
(279, 'admin', '07/16/2012', NULL, NULL, 282),
(280, 'admin', '07/16/2012', NULL, NULL, 283),
(281, 'admin', '07/16/2012', NULL, NULL, 284),
(282, 'admin', '07/16/2012', NULL, NULL, 285),
(283, 'admin', '07/16/2012', NULL, NULL, 286),
(284, 'admin', '07/16/2012', NULL, NULL, 287),
(285, 'admin', '07/16/2012', NULL, NULL, 288),
(286, 'admin', '07/16/2012', NULL, NULL, 289),
(287, 'admin', '07/16/2012', NULL, NULL, 290),
(288, 'admin', '07/16/2012', NULL, NULL, 291),
(289, 'admin', '07/16/2012', NULL, NULL, 292),
(290, 'admin', '07/16/2012', NULL, NULL, 293),
(291, 'admin', '07/16/2012', NULL, NULL, 294),
(292, 'admin', '07/16/2012', NULL, NULL, 295),
(293, 'admin', '07/16/2012', NULL, NULL, 296),
(294, 'admin', '07/16/2012', NULL, NULL, 297),
(295, 'admin', '07/16/2012', NULL, NULL, 298),
(296, 'admin', '07/16/2012', NULL, NULL, 299),
(297, 'admin', '07/16/2012', NULL, NULL, 300),
(298, 'admin', '07/16/2012', NULL, NULL, 301),
(299, 'admin', '07/16/2012', NULL, NULL, 302),
(300, 'admin', '07/16/2012', NULL, NULL, 303),
(301, 'admin', '07/16/2012', NULL, NULL, 304),
(302, 'admin', '07/16/2012', NULL, NULL, 305),
(303, 'admin', '07/16/2012', NULL, NULL, 306),
(304, 'admin', '07/16/2012', NULL, NULL, 307),
(305, 'admin', '07/16/2012', NULL, NULL, 308),
(306, 'admin', '07/16/2012', NULL, NULL, 309),
(307, 'admin', '07/16/2012', NULL, NULL, 310),
(308, 'admin', '07/16/2012', NULL, NULL, 311),
(309, 'admin', '07/16/2012', NULL, NULL, 312),
(310, 'admin', '07/16/2012', NULL, NULL, 313),
(311, 'admin', '07/16/2012', NULL, NULL, 314),
(312, 'admin', '07/16/2012', NULL, NULL, 315),
(313, 'admin', '07/16/2012', NULL, NULL, 316),
(314, 'admin', '07/16/2012', NULL, NULL, 317),
(315, 'admin', '07/16/2012', NULL, NULL, 318),
(316, 'admin', '07/16/2012', NULL, NULL, 319),
(317, 'admin', '07/16/2012', NULL, NULL, 320),
(318, 'admin', '07/16/2012', NULL, NULL, 321),
(319, 'admin', '07/16/2012', NULL, NULL, 322),
(320, 'admin', '07/16/2012', NULL, NULL, 323),
(321, 'admin', '07/16/2012', NULL, NULL, 324),
(322, 'admin', '07/16/2012', NULL, NULL, 325),
(323, 'admin', '07/16/2012', NULL, NULL, 326),
(324, 'admin', '07/16/2012', NULL, NULL, 327),
(325, 'admin', '07/16/2012', NULL, NULL, 328),
(326, 'admin', '07/16/2012', NULL, NULL, 329),
(327, 'admin', '07/16/2012', NULL, NULL, 330),
(328, 'admin', '07/16/2012', NULL, NULL, 331),
(329, 'admin', '07/16/2012', NULL, NULL, 332),
(330, 'admin', '07/16/2012', NULL, NULL, 333),
(331, 'admin', '07/16/2012', NULL, NULL, 334),
(332, 'admin', '07/16/2012', NULL, NULL, 335),
(333, 'admin', '07/16/2012', NULL, NULL, 336),
(334, 'admin', '07/16/2012', NULL, NULL, 337),
(335, 'admin', '07/16/2012', NULL, NULL, 338),
(336, 'admin', '07/16/2012', NULL, NULL, 339),
(337, 'admin', '07/16/2012', NULL, NULL, 340),
(338, 'admin', '07/16/2012', NULL, NULL, 341),
(339, 'admin', '07/16/2012', NULL, NULL, 342),
(340, 'admin', '07/16/2012', NULL, NULL, 343),
(341, 'admin', '07/16/2012', NULL, NULL, 344),
(342, 'admin', '07/16/2012', NULL, NULL, 345),
(343, 'admin', '07/16/2012', NULL, NULL, 346),
(344, 'admin', '07/16/2012', NULL, NULL, 347),
(345, 'admin', '07/16/2012', NULL, NULL, 348),
(346, 'admin', '07/16/2012', NULL, NULL, 349),
(347, 'admin', '07/16/2012', NULL, NULL, 350),
(348, 'admin', '07/16/2012', NULL, NULL, 351),
(349, 'admin', '07/16/2012', NULL, NULL, 352),
(350, 'admin', '07/16/2012', NULL, NULL, 353),
(351, 'admin', '07/16/2012', NULL, NULL, 354),
(352, 'admin', '07/16/2012', NULL, NULL, 355),
(353, 'admin', '07/16/2012', NULL, NULL, 356),
(354, 'admin', '07/16/2012', NULL, NULL, 357),
(355, 'admin', '07/16/2012', NULL, NULL, 358),
(356, 'admin', '07/16/2012', NULL, NULL, 359),
(357, 'admin', '07/16/2012', NULL, NULL, 360),
(358, 'admin', '07/16/2012', NULL, NULL, 361),
(359, 'admin', '07/16/2012', NULL, NULL, 362),
(360, 'admin', '07/16/2012', NULL, NULL, 363),
(361, 'admin', '07/16/2012', NULL, NULL, 364),
(362, 'admin', '07/16/2012', NULL, NULL, 365),
(363, 'admin', '07/16/2012', NULL, NULL, 366),
(364, 'admin', '07/16/2012', NULL, NULL, 367),
(365, 'admin', '07/16/2012', NULL, NULL, 368),
(366, 'admin', '07/16/2012', NULL, NULL, 369),
(367, 'admin', '07/16/2012', NULL, NULL, 370),
(368, 'admin', '07/16/2012', NULL, NULL, 371),
(369, 'admin', '07/16/2012', NULL, NULL, 372),
(370, 'admin', '07/16/2012', NULL, NULL, 373),
(371, 'admin', '07/16/2012', NULL, NULL, 374),
(372, 'admin', '07/16/2012', NULL, NULL, 375),
(373, 'admin', '07/16/2012', NULL, NULL, 376),
(374, 'admin', '07/16/2012', NULL, NULL, 377),
(375, 'admin', '07/16/2012', NULL, NULL, 378),
(376, 'admin', '07/16/2012', NULL, NULL, 379),
(377, 'admin', '07/16/2012', NULL, NULL, 380),
(378, 'admin', '07/16/2012', NULL, NULL, 381),
(379, 'admin', '07/16/2012', NULL, NULL, 382),
(380, 'admin', '07/16/2012', NULL, NULL, 383),
(381, 'admin', '07/16/2012', NULL, NULL, 384),
(382, 'admin', '07/16/2012', NULL, NULL, 385),
(383, 'admin', '07/16/2012', NULL, NULL, 386),
(384, 'admin', '07/16/2012', NULL, NULL, 387),
(385, 'admin', '07/16/2012', NULL, NULL, 388),
(386, 'admin', '07/16/2012', NULL, NULL, 389),
(387, 'admin', '07/16/2012', NULL, NULL, 390),
(388, 'admin', '07/16/2012', NULL, NULL, 390),
(389, 'admin', '07/16/2012', NULL, NULL, 391),
(390, 'admin', '07/16/2012', NULL, NULL, 392),
(391, 'admin', '07/16/2012', NULL, NULL, 393),
(392, 'admin', '07/16/2012', NULL, NULL, 394),
(393, 'admin', '07/16/2012', NULL, NULL, 395),
(394, 'admin', '07/16/2012', NULL, NULL, 396),
(395, 'admin', '07/16/2012', NULL, NULL, 397),
(396, 'admin', '07/16/2012', NULL, NULL, 398),
(397, 'admin', '07/16/2012', NULL, NULL, 399),
(398, 'admin', '07/16/2012', NULL, NULL, 400),
(399, 'admin', '07/16/2012', NULL, NULL, 401),
(400, 'admin', '07/16/2012', NULL, NULL, 402),
(401, 'admin', '07/16/2012', NULL, NULL, 403),
(402, 'admin', '07/16/2012', NULL, NULL, 404),
(403, 'admin', '07/16/2012', NULL, NULL, 405),
(404, 'admin', '07/16/2012', NULL, NULL, 406),
(405, 'admin', '07/16/2012', NULL, NULL, 407),
(406, 'admin', '07/16/2012', NULL, NULL, 408),
(407, 'admin', '07/16/2012', NULL, NULL, 409),
(408, 'admin', '07/16/2012', NULL, NULL, 410),
(409, 'admin', '07/16/2012', NULL, NULL, 411),
(410, 'admin', '07/16/2012', NULL, NULL, 412),
(411, 'admin', '07/16/2012', NULL, NULL, 413),
(412, 'admin', '07/16/2012', NULL, NULL, 414),
(413, 'admin', '07/16/2012', NULL, NULL, 415),
(414, 'admin', '07/16/2012', NULL, NULL, 416),
(415, 'admin', '07/16/2012', NULL, NULL, 417),
(416, 'admin', '07/16/2012', NULL, NULL, 418),
(417, 'admin', '07/16/2012', NULL, NULL, 419),
(418, 'admin', '07/16/2012', NULL, NULL, 420),
(419, 'admin', '07/16/2012', NULL, NULL, 421),
(420, 'admin', '07/16/2012', NULL, NULL, 422),
(421, 'admin', '07/16/2012', NULL, NULL, 423),
(422, 'admin', '07/16/2012', NULL, NULL, 424),
(423, 'admin', '07/16/2012', NULL, NULL, 425),
(424, 'admin', '07/16/2012', NULL, NULL, 426),
(425, 'admin', '07/16/2012', NULL, NULL, 427),
(426, 'admin', '07/16/2012', NULL, NULL, 428),
(427, 'admin', '07/16/2012', NULL, NULL, 429),
(428, 'admin', '07/16/2012', NULL, NULL, 430),
(429, 'admin', '07/16/2012', NULL, NULL, 431),
(430, 'admin', '07/16/2012', NULL, NULL, 432),
(431, 'admin', '07/16/2012', NULL, NULL, 433),
(432, 'admin', '07/16/2012', NULL, NULL, 434),
(433, 'admin', '07/16/2012', NULL, NULL, 435),
(434, 'admin', '07/16/2012', NULL, NULL, 436),
(435, 'admin', '07/16/2012', NULL, NULL, 437),
(436, 'admin', '07/16/2012', NULL, NULL, 438),
(437, 'admin', '07/16/2012', NULL, NULL, 439),
(438, 'admin', '07/16/2012', NULL, NULL, 440),
(439, 'admin', '07/16/2012', NULL, NULL, 441),
(440, 'admin', '07/16/2012', NULL, NULL, 442),
(441, 'admin', '07/16/2012', NULL, NULL, 443),
(442, 'admin', '07/16/2012', NULL, NULL, 444),
(443, 'admin', '07/16/2012', NULL, NULL, 445),
(444, 'admin', '07/16/2012', NULL, NULL, 446),
(445, 'admin', '07/16/2012', NULL, NULL, 447),
(446, 'admin', '07/16/2012', NULL, NULL, 448),
(447, 'admin', '07/16/2012', NULL, NULL, 449),
(448, 'admin', '07/16/2012', NULL, NULL, 450),
(449, 'admin', '07/16/2012', NULL, NULL, 451),
(450, 'admin', '07/16/2012', NULL, NULL, 452),
(451, 'admin', '07/16/2012', NULL, NULL, 453),
(452, 'admin', '07/16/2012', NULL, NULL, 454),
(453, 'admin', '07/16/2012', NULL, NULL, 455),
(454, 'admin', '07/16/2012', NULL, NULL, 456),
(455, 'admin', '07/16/2012', NULL, NULL, 457),
(456, 'admin', '07/16/2012', NULL, NULL, 458),
(457, 'admin', '07/16/2012', NULL, NULL, 459),
(458, 'admin', '07/16/2012', NULL, NULL, 460),
(459, 'admin', '07/16/2012', NULL, NULL, 461),
(460, 'admin', '07/16/2012', NULL, NULL, 462),
(461, 'admin', '07/16/2012', NULL, NULL, 463),
(462, 'admin', '07/16/2012', NULL, NULL, 464),
(463, 'admin', '07/16/2012', NULL, NULL, 465),
(464, 'admin', '07/16/2012', NULL, NULL, 466),
(465, 'admin', '07/16/2012', NULL, NULL, 467),
(466, 'admin', '07/16/2012', NULL, NULL, 468),
(467, 'admin', '07/16/2012', NULL, NULL, 469),
(468, 'admin', '07/16/2012', NULL, NULL, 470),
(469, 'admin', '07/16/2012', NULL, NULL, 471),
(470, 'admin', '07/16/2012', NULL, NULL, 472),
(471, 'admin', '07/16/2012', NULL, NULL, 473),
(472, 'admin', '07/16/2012', NULL, NULL, 474),
(473, 'admin', '07/16/2012', NULL, NULL, 475),
(474, 'admin', '07/16/2012', NULL, NULL, 476),
(475, 'admin', '07/16/2012', NULL, NULL, 476),
(476, 'admin', '07/16/2012', NULL, NULL, 477),
(477, 'admin', '07/16/2012', NULL, NULL, 478),
(478, 'admin', '07/16/2012', NULL, NULL, 479),
(479, 'admin', '07/16/2012', NULL, NULL, 480),
(480, 'admin', '07/16/2012', NULL, NULL, 481),
(481, 'admin', '07/16/2012', NULL, NULL, 482),
(482, 'admin', '07/16/2012', NULL, NULL, 483),
(483, 'admin', '07/16/2012', NULL, NULL, 484),
(484, 'admin', '07/16/2012', NULL, NULL, 485),
(485, 'admin', '07/16/2012', NULL, NULL, 486),
(486, 'admin', '07/16/2012', NULL, NULL, 487),
(487, 'admin', '07/16/2012', NULL, NULL, 488),
(488, 'admin', '07/16/2012', NULL, NULL, 489),
(489, 'admin', '07/16/2012', NULL, NULL, 490),
(490, 'admin', '07/16/2012', NULL, NULL, 491),
(491, 'admin', '07/16/2012', NULL, NULL, 492),
(492, 'admin', '07/16/2012', NULL, NULL, 493),
(493, 'admin', '07/16/2012', NULL, NULL, 494),
(494, 'admin', '07/16/2012', NULL, NULL, 495),
(495, 'admin', '07/16/2012', NULL, NULL, 496),
(496, 'admin', '07/16/2012', NULL, NULL, 497),
(497, 'admin', '07/16/2012', NULL, NULL, 498),
(498, 'admin', '07/16/2012', NULL, NULL, 499),
(499, 'admin', '07/16/2012', NULL, NULL, 500),
(500, 'admin', '07/16/2012', NULL, NULL, 501),
(501, 'admin', '07/16/2012', NULL, NULL, 502),
(502, 'admin', '07/16/2012', NULL, NULL, 503),
(503, 'admin', '07/16/2012', NULL, NULL, 504),
(504, 'admin', '07/16/2012', NULL, NULL, 505),
(505, 'admin', '07/16/2012', NULL, NULL, 506),
(506, 'admin', '07/16/2012', NULL, NULL, 507),
(507, 'admin', '07/16/2012', NULL, NULL, 508),
(508, 'admin', '07/16/2012', NULL, NULL, 509),
(509, 'admin', '07/16/2012', NULL, NULL, 510),
(510, 'admin', '07/16/2012', NULL, NULL, 511),
(511, 'admin', '07/16/2012', NULL, NULL, 512),
(512, 'admin', '07/16/2012', NULL, NULL, 513),
(513, 'admin', '07/16/2012', NULL, NULL, 514),
(514, 'admin', '07/16/2012', NULL, NULL, 515),
(515, 'admin', '07/16/2012', NULL, NULL, 516),
(516, 'admin', '07/16/2012', NULL, NULL, 517),
(517, 'admin', '07/16/2012', NULL, NULL, 518),
(518, 'admin', '07/16/2012', NULL, NULL, 519),
(519, 'admin', '07/16/2012', NULL, NULL, 520),
(520, 'admin', '07/16/2012', NULL, NULL, 521),
(521, 'admin', '07/16/2012', NULL, NULL, 522),
(522, 'admin', '07/16/2012', NULL, NULL, 523),
(523, 'admin', '07/16/2012', NULL, NULL, 524),
(524, 'admin', '07/16/2012', NULL, NULL, 525),
(525, 'admin', '07/16/2012', NULL, NULL, 526),
(526, 'admin', '07/16/2012', NULL, NULL, 527),
(527, 'admin', '07/16/2012', NULL, NULL, 528),
(528, 'admin', '07/16/2012', NULL, NULL, 529),
(529, 'admin', '07/16/2012', NULL, NULL, 530),
(530, 'admin', '07/16/2012', NULL, NULL, 531),
(531, 'admin', '07/16/2012', NULL, NULL, 532),
(532, 'admin', '07/16/2012', NULL, NULL, 533),
(533, 'admin', '07/16/2012', NULL, NULL, 534),
(534, 'admin', '07/16/2012', NULL, NULL, 535),
(535, 'admin', '07/16/2012', NULL, NULL, 536),
(536, 'admin', '07/16/2012', NULL, NULL, 537),
(537, 'admin', '07/16/2012', NULL, NULL, 538),
(538, 'admin', '07/16/2012', NULL, NULL, 539),
(539, 'admin', '07/16/2012', NULL, NULL, 540),
(540, 'admin', '07/16/2012', NULL, NULL, 541),
(541, 'admin', '07/16/2012', NULL, NULL, 542),
(542, 'admin', '07/16/2012', NULL, NULL, 543),
(543, 'admin', '07/16/2012', NULL, NULL, 544),
(544, 'admin', '07/16/2012', NULL, NULL, 545),
(545, 'admin', '07/16/2012', NULL, NULL, 546),
(546, 'admin', '07/17/2012', NULL, NULL, 547),
(547, 'admin', '07/17/2012', NULL, NULL, 548),
(548, 'admin', '07/17/2012', NULL, NULL, 549),
(549, 'admin', '07/17/2012', NULL, NULL, 550),
(550, 'admin', '07/17/2012', NULL, NULL, 551),
(551, 'admin', '07/17/2012', NULL, NULL, 552),
(552, 'admin', '07/17/2012', NULL, NULL, 553),
(553, 'admin', '07/17/2012', NULL, NULL, 554),
(554, 'admin', '07/17/2012', NULL, NULL, 555),
(555, 'admin', '07/17/2012', NULL, NULL, 556),
(556, 'admin', '07/17/2012', NULL, NULL, 557),
(557, 'admin', '07/17/2012', NULL, NULL, 558),
(558, 'admin', '07/17/2012', NULL, NULL, 559),
(559, 'admin', '07/17/2012', NULL, NULL, 560),
(560, 'admin', '07/17/2012', NULL, NULL, 561),
(561, 'admin', '07/17/2012', NULL, NULL, 562),
(562, 'admin', '07/17/2012', NULL, NULL, 563),
(563, 'admin', '07/17/2012', NULL, NULL, 564),
(564, 'admin', '07/17/2012', NULL, NULL, 565),
(565, 'admin', '07/17/2012', NULL, NULL, 566),
(566, 'admin', '07/17/2012', NULL, NULL, 567),
(567, 'admin', '07/17/2012', NULL, NULL, 568),
(568, 'admin', '07/24/2012', NULL, NULL, 569),
(569, 'admin', '07/17/2012', NULL, NULL, 570),
(570, 'admin', '07/17/2012', NULL, NULL, 571),
(571, 'admin', '07/17/2012', NULL, NULL, 572),
(572, 'admin', '07/17/2012', NULL, NULL, 573),
(573, 'admin', '07/17/2012', NULL, NULL, 574),
(574, 'admin', '07/17/2012', NULL, NULL, 575),
(575, 'admin', '07/17/2012', NULL, NULL, 576),
(576, 'admin', '07/17/2012', 'admin', '01/07/2013', 577),
(577, 'admin', '07/17/2012', NULL, NULL, 578),
(578, 'admin', '07/17/2012', NULL, NULL, 579),
(579, 'admin', '07/17/2012', NULL, NULL, 580),
(580, 'admin', '07/17/2012', NULL, NULL, 581),
(581, 'admin', '07/17/2012', NULL, NULL, 582),
(582, 'admin', '07/17/2012', NULL, NULL, 583),
(583, 'admin', '07/17/2012', NULL, NULL, 584),
(584, 'admin', '07/17/2012', NULL, NULL, 585),
(585, 'admin', '07/17/2012', NULL, NULL, 586),
(586, 'admin', '07/17/2012', 'admin', '01/07/2013', 587),
(587, 'admin', '12/18/2012', NULL, NULL, 588),
(588, 'admin', '12/18/2012', NULL, NULL, 589),
(589, 'admin', '12/18/2012', NULL, NULL, 590),
(590, 'admin', '12/18/2012', NULL, NULL, 591),
(591, 'admin', '12/18/2012', NULL, NULL, 592),
(592, 'admin', '12/18/2012', NULL, NULL, 593),
(593, 'admin', '12/18/2012', NULL, NULL, 594),
(594, 'admin', '12/18/2012', NULL, NULL, 595),
(595, 'admin', '12/18/2012', NULL, NULL, 596),
(596, 'admin', '12/18/2012', NULL, NULL, 597),
(597, 'admin', '12/18/2012', NULL, NULL, 598),
(598, 'admin', '12/18/2012', NULL, NULL, 599),
(599, 'admin', '12/18/2012', NULL, NULL, 600),
(600, 'admin', '12/18/2012', NULL, NULL, 601),
(601, 'admin', '12/18/2012', NULL, NULL, 602),
(602, 'admin', '12/18/2012', NULL, NULL, 603),
(603, 'admin', '12/18/2012', NULL, NULL, 604),
(604, 'admin', '12/18/2012', NULL, NULL, 605),
(605, 'admin', '12/18/2012', NULL, NULL, 606),
(606, 'admin', '12/18/2012', NULL, NULL, 607),
(607, 'admin', '12/18/2012', NULL, NULL, 608),
(608, 'admin', '12/18/2012', NULL, NULL, 609),
(609, 'admin', '12/18/2012', NULL, NULL, 610),
(610, 'admin', '12/18/2012', NULL, NULL, 611),
(611, 'admin', '12/18/2012', NULL, NULL, 612),
(612, 'admin', '12/18/2012', NULL, NULL, 613),
(613, 'admin', '12/18/2012', NULL, NULL, 614),
(614, 'admin', '12/18/2012', NULL, NULL, 615),
(615, 'admin', '12/18/2012', NULL, NULL, 616),
(616, 'admin', '12/18/2012', NULL, NULL, 617),
(617, 'admin', '12/18/2012', NULL, NULL, 618),
(618, 'admin', '12/18/2012', NULL, NULL, 619),
(619, 'admin', '12/18/2012', NULL, NULL, 620),
(620, 'admin', '12/18/2012', NULL, NULL, 621),
(621, 'admin', '12/18/2012', NULL, NULL, 622),
(622, 'admin', '12/18/2012', NULL, NULL, 623),
(623, 'admin', '12/18/2012', NULL, NULL, 624),
(624, 'admin', '12/18/2012', NULL, NULL, 625),
(625, 'admin', '12/18/2012', NULL, NULL, 626),
(626, 'admin', '12/18/2012', NULL, NULL, 627),
(627, 'admin', '12/18/2012', NULL, NULL, 628),
(628, 'admin', '12/18/2012', NULL, NULL, 629),
(629, 'admin', '12/18/2012', NULL, NULL, 630),
(630, 'admin', '12/18/2012', NULL, NULL, 631),
(631, 'admin', '12/18/2012', NULL, NULL, 632),
(632, 'admin', '12/18/2012', NULL, NULL, 633),
(633, 'admin', '12/18/2012', NULL, NULL, 634),
(634, 'admin', '12/18/2012', NULL, NULL, 635),
(635, 'admin', '12/18/2012', NULL, NULL, 636),
(636, 'admin', '12/18/2012', NULL, NULL, 637),
(637, 'admin', '12/18/2012', NULL, NULL, 638),
(638, 'admin', '12/18/2012', NULL, NULL, 639),
(639, 'admin', '12/18/2012', NULL, NULL, 640),
(640, 'admin', '12/18/2012', NULL, NULL, 641),
(641, 'admin', '12/18/2012', NULL, NULL, 642),
(642, 'admin', '12/18/2012', NULL, NULL, 643),
(643, 'admin', '12/18/2012', NULL, NULL, 644),
(644, 'admin', '12/18/2012', NULL, NULL, 645),
(645, 'admin', '12/18/2012', NULL, NULL, 646),
(646, 'admin', '12/18/2012', NULL, NULL, 647),
(647, 'admin', '12/18/2012', NULL, NULL, 648),
(648, 'admin', '12/18/2012', NULL, NULL, 649),
(649, 'admin', '12/18/2012', NULL, NULL, 650),
(650, 'admin', '12/18/2012', NULL, NULL, 651),
(651, 'admin', '12/18/2012', NULL, NULL, 652),
(652, 'admin', '12/18/2012', NULL, NULL, 653),
(653, 'admin', '12/18/2012', NULL, NULL, 654),
(654, 'admin', '12/18/2012', NULL, NULL, 655),
(655, 'admin', '12/18/2012', NULL, NULL, 656),
(656, 'admin', '12/18/2012', NULL, NULL, 657),
(657, 'admin', '12/18/2012', NULL, NULL, 658),
(658, 'admin', '12/18/2012', NULL, NULL, 659),
(659, 'admin', '12/18/2012', NULL, NULL, 660),
(660, 'admin', '12/18/2012', NULL, NULL, 661),
(661, 'admin', '12/18/2012', NULL, NULL, 662),
(662, 'admin', '12/18/2012', NULL, NULL, 663),
(663, 'admin', '12/18/2012', NULL, NULL, 664),
(664, 'admin', '12/18/2012', NULL, NULL, 665),
(665, 'admin', '12/18/2012', NULL, NULL, 666),
(666, 'admin', '12/18/2012', NULL, NULL, 667),
(667, 'admin', '12/18/2012', NULL, NULL, 668),
(668, 'admin', '12/18/2012', NULL, NULL, 669),
(669, 'admin', '12/18/2012', NULL, NULL, 670),
(670, 'admin', '12/18/2012', NULL, NULL, 671),
(671, 'admin', '12/18/2012', NULL, NULL, 672),
(672, 'admin', '12/18/2012', NULL, NULL, 673),
(673, 'admin', '12/18/2012', NULL, NULL, 674),
(674, 'admin', '12/18/2012', NULL, NULL, 675),
(675, 'admin', '12/18/2012', NULL, NULL, 676),
(676, 'admin', '12/18/2012', NULL, NULL, 677),
(677, 'admin', '12/18/2012', NULL, NULL, 678),
(678, 'admin', '12/18/2012', NULL, NULL, 679),
(679, 'admin', '12/18/2012', NULL, NULL, 680),
(680, 'admin', '12/18/2012', NULL, NULL, 681),
(681, 'admin', '12/18/2012', NULL, NULL, 682),
(682, 'admin', '12/18/2012', NULL, NULL, 683),
(683, 'admin', '12/18/2012', NULL, NULL, 684),
(684, 'admin', '12/18/2012', NULL, NULL, 685),
(685, 'admin', '12/18/2012', NULL, NULL, 686),
(686, 'admin', '12/18/2012', NULL, NULL, 687),
(687, 'admin', '12/18/2012', NULL, NULL, 688),
(688, 'admin', '12/18/2012', NULL, NULL, 689),
(689, 'admin', '12/18/2012', NULL, NULL, 690),
(690, 'admin', '12/18/2012', NULL, NULL, 691),
(691, 'admin', '12/18/2012', NULL, NULL, 692),
(692, 'admin', '12/18/2012', NULL, NULL, 693),
(693, 'admin', '12/19/2012', NULL, NULL, 694),
(694, 'admin', '12/19/2012', NULL, NULL, 695),
(695, 'admin', '12/19/2012', NULL, NULL, 696),
(696, 'admin', '12/19/2012', NULL, NULL, 697),
(697, 'admin', '12/19/2012', NULL, NULL, 698),
(698, 'admin', '12/19/2012', NULL, NULL, 699),
(699, 'admin', '12/19/2012', NULL, NULL, 700),
(700, 'admin', '12/19/2012', NULL, NULL, 701),
(701, 'admin', '12/19/2012', NULL, NULL, 702),
(702, 'admin', '12/19/2012', NULL, NULL, 703),
(703, 'admin', '12/19/2012', NULL, NULL, 704),
(704, 'admin', '12/19/2012', NULL, NULL, 705),
(705, 'admin', '12/19/2012', NULL, NULL, 706),
(706, 'admin', '12/19/2012', NULL, NULL, 707),
(707, 'admin', '12/19/2012', NULL, NULL, 708),
(708, 'admin', '12/19/2012', NULL, NULL, 709),
(709, 'admin', '12/19/2012', NULL, NULL, 710),
(710, 'admin', '12/19/2012', NULL, NULL, 711),
(711, 'admin', '12/19/2012', NULL, NULL, 712),
(712, 'admin', '12/19/2012', NULL, NULL, 713),
(713, 'admin', '12/19/2012', NULL, NULL, 714),
(714, 'admin', '12/19/2012', NULL, NULL, 715),
(715, 'admin', '12/19/2012', NULL, NULL, 716),
(716, 'admin', '12/19/2012', NULL, NULL, 717),
(717, 'admin', '12/19/2012', NULL, NULL, 718),
(718, 'admin', '12/19/2012', NULL, NULL, 719),
(719, 'admin', '01/07/2013', NULL, NULL, 720),
(720, 'admin', '01/07/2013', NULL, NULL, 721),
(722, 'admin', '01/07/2013', NULL, NULL, 723),
(723, 'admin', '01/07/2013', NULL, NULL, 724),
(724, 'admin', '01/07/2013', 'admin', '01/07/2013', 726),
(725, 'no records found', 'no records found', 'admin', '01/07/2013', 12),
(726, 'no records found', 'no records found', NULL, NULL, 13),
(727, 'admin', '01/09/2013', NULL, NULL, 727),
(728, 'no records found', 'no records found', NULL, NULL, 728);

-- --------------------------------------------------------

--
-- Table structure for table `family`
--

CREATE TABLE IF NOT EXISTS `family` (
  `family_id` int(11) NOT NULL AUTO_INCREMENT,
  `family` varchar(45) DEFAULT NULL,
  `table_order_order_id` int(11) NOT NULL,
  PRIMARY KEY (`family_id`),
  KEY `fk_family_table_order1` (`table_order_order_id`)
) ENGINE=InnoDB  DEFAULT CHARSET=latin1 AUTO_INCREMENT=136 ;

--
-- Dumping data for table `family`
--

INSERT INTO `family` (`family_id`, `family`, `table_order_order_id`) VALUES
(1, 'Rubiaceae', 1),
(2, 'Boraginaceae', 2),
(3, 'Apocynaceae', 3),
(4, 'Verbenaceae', 2),
(5, 'Acanthaceae', 4),
(6, 'Asteraceae', 5),
(7, 'Plumbaginaceae', 6),
(8, 'Bignoniaceae', 4),
(9, 'Loganiaceae', 3),
(10, 'Convolvulaceae', 7),
(11, 'Lamiaceae', 2),
(12, 'Smilacaceae', 8),
(13, 'Caprifoliaceae', 9),
(14, 'Adoxaceae', 9),
(15, 'Sapotaceae', 10),
(16, 'Gesneriaceae', 2),
(17, 'Araliaceae', 11),
(18, 'Clethraceae', 10),
(19, 'Ericaceae', 10),
(20, 'Primulaceae', 10),
(21, 'Ebenaceae', 12),
(22, 'Oleaceae', 4),
(23, 'Symplocaceae', 10),
(24, 'Gentianaceae', 3),
(25, 'Buddlejaceae', 4),
(26, 'Asclepiadaceae', 3),
(27, 'Solanaceae', 7),
(28, 'Scrophulariaceae', 4),
(29, 'Orobanchaceae', 4),
(30, 'Lentibulariaceae', 2),
(31, 'Plantaginaceae', 13),
(32, 'Potamogetonaceae', 14),
(33, 'Dioscoreaceae', 15),
(34, 'Asparagaceae', 16),
(35, 'Amaryllidaceae', 16),
(36, 'Accipitridae', 17),
(37, 'Phyllanthaceae', 18),
(38, 'Melastomataceae', 19),
(39, 'Achariaceae', 18),
(40, 'Lythraceae', 19),
(41, 'Myrtaceae', 19),
(42, 'Euphorbiaceae', 18),
(43, 'Bombacaceae', 20),
(44, 'Lecythidaceae', 21),
(45, 'Crypteroniaceae', 19),
(46, 'Cucurbitaceae', 22),
(47, 'Combretaceae', 19),
(48, 'Rhizophoraceae', 18),
(49, 'Salicaceae', 18),
(50, 'Malvaceae', 20),
(51, 'Putranjivaceae', 18),
(52, 'Meliaceae', 23),
(53, 'Punicaceae', 19),
(54, 'Thymelaeaceae', 20),
(55, 'Elaeagnaceae', 24),
(56, 'Vitaceae', 25),
(57, 'Alangiaceae', 26),
(58, 'Sapindaceae', 23),
(59, 'Fabaceae', 27),
(60, 'Neotrewia', 18),
(61, 'Rutaceae', 23),
(62, 'Burseraceae', 23),
(63, 'Malpighiaceae', 28),
(64, 'Polygalaceae', 27),
(65, 'Anacardiaceae', 23),
(66, 'Balsaminaceae', 29),
(67, 'Celastraceae', 30),
(68, 'Dipentodontaceae', 31),
(69, 'Staphyleaceae', 32),
(70, 'Stemonuraceae', 33),
(71, 'Icacinaceae', 34),
(72, 'Rhamnaceae', 24),
(73, 'Elaeocarpaceae', 35),
(74, 'Sterculiaceae', 20),
(75, 'Nyssaceae', 26),
(76, 'Violaceae', 18),
(77, 'Datiscaceae', 36),
(78, 'Dichapetalaceae', 18),
(79, 'Passifloraceae', 18),
(80, 'Triuridaceae', 37),
(81, 'Cervidae', 38),
(82, 'Pteropodidae', 39),
(83, 'Passeridae', 40),
(84, 'Falconidae', 41),
(85, 'Columbidae', 42),
(86, 'Psittacidae', 43),
(87, 'Cuculidae', 44),
(88, 'Strigidae', 45),
(89, 'Alcedinidae', 46),
(90, 'Bucerotidae', 47),
(91, 'Picidae', 48),
(92, 'Dicruridae', 40),
(93, 'Pycnonotidae', 40),
(94, 'Sylviidae', 40),
(95, 'Muscicapidae', 40),
(96, 'Rhipiduridae', 40),
(97, 'Corvidae', 40),
(98, 'Paridae', 40),
(99, 'Nectariniidae', 40),
(100, 'Ranidae', 49),
(101, 'Ceratobatrachidae', 49),
(102, 'Dicroglossidae', 49),
(103, 'Rhacophoridae', 49),
(104, 'Microhylidae', 49),
(105, 'Bufonidae', 49),
(106, 'Megadermatidae', 39),
(107, 'Rafflesiaceae', 18),
(108, 'Moraceae', 50),
(109, 'Urticaceae', 24),
(110, 'Lauraceae', 51),
(111, 'Arecaceae', 52),
(112, 'Araceae', 14),
(113, 'Tectariaceae', 53),
(114, 'Myristicaceae', 54),
(115, 'Magnoliaceae', 54),
(116, 'Dilleniaceae', 55),
(117, 'Cunoniaceae', 35),
(118, 'Actinidiaceae', 10),
(119, 'Monimiaceae', 51),
(120, 'Fagaceae', 56),
(121, 'Annonaceae', 54),
(122, 'Poaceae', 57),
(123, 'Pteridaceae', 53),
(124, 'Aspleniaceae', 53),
(125, 'Davalliaceae', 53),
(126, 'Dryopteridaceae', 53),
(127, 'Hymenophyllaceae', 58),
(128, 'Lycopodiaceae', 59),
(129, 'Marattiaceae', 60),
(130, 'Polypodiaceae', 53),
(131, 'Selaginellaceae', 61),
(132, 'Thelypteridaceae', 53),
(133, 'Commelinaceae', 62),
(134, 'Orchidaceae', 16),
(135, 'Pandanaceae', 37);

-- --------------------------------------------------------

--
-- Table structure for table `genus`
--

CREATE TABLE IF NOT EXISTS `genus` (
  `genus_id` int(11) NOT NULL AUTO_INCREMENT,
  `sub_genus` varchar(45) DEFAULT NULL,
  `genus` varchar(45) DEFAULT NULL,
  `family_family_id` int(11) NOT NULL,
  PRIMARY KEY (`genus_id`),
  KEY `fk_genus_family1` (`family_family_id`)
) ENGINE=InnoDB  DEFAULT CHARSET=latin1 AUTO_INCREMENT=413 ;

--
-- Dumping data for table `genus`
--

INSERT INTO `genus` (`genus_id`, `sub_genus`, `genus`, `family_family_id`) VALUES
(1, NULL, 'Mussaenda', 1),
(2, NULL, 'Psychotria', 1),
(3, NULL, 'Cordia', 2),
(4, NULL, 'Alstonia', 3),
(5, NULL, 'Thevetia', 3),
(6, NULL, 'Callicarpa', 4),
(7, NULL, 'Thunbergia', 5),
(8, NULL, 'Adenostemma', 6),
(9, NULL, 'Plumbago', 7),
(10, NULL, 'Jacaranda', 8),
(11, NULL, 'Strychnos', 9),
(12, NULL, 'Strobilanthes', 5),
(13, NULL, 'Strobilanthes', 5),
(14, NULL, 'Argyreia', 10),
(17, NULL, 'Pachystachys', 5),
(19, NULL, 'Wendlandia', 1),
(20, NULL, 'Ocimum', 11),
(21, NULL, 'Arrabidaea', 8),
(22, NULL, 'Kigelia', 8),
(23, NULL, 'Breonia', 1),
(24, NULL, 'Smilax', 12),
(25, NULL, 'Lonicera', 13),
(26, NULL, 'Adhatoda', 5),
(27, NULL, 'Kopsia', 3),
(28, NULL, 'Sambucus', 14),
(29, NULL, 'Palaquium', 15),
(30, NULL, 'Spathodea', 8),
(31, NULL, 'Mikania', 6),
(32, NULL, 'Cyrtandra', 16),
(33, NULL, 'Neonauclea', 1),
(34, NULL, 'Mimusops', 15),
(35, NULL, 'Schefflera', 17),
(36, NULL, 'Polyscias', 17),
(37, NULL, 'Osmoxylon', 17),
(38, NULL, 'Hydrocotyle', 17),
(39, NULL, 'Clethra', 18),
(40, NULL, 'Rhododendron', 19),
(41, NULL, 'Vaccinium', 19),
(42, NULL, 'Maesa', 20),
(43, NULL, 'Embelia', 20),
(44, NULL, 'Rapanea', 20),
(45, NULL, 'Ardisia', 20),
(46, NULL, 'Discocalyx', 20),
(47, NULL, 'Pouteria', 15),
(48, NULL, 'Planchonella', 15),
(49, NULL, 'Madhuca', 15),
(50, NULL, 'Diospyros', 21),
(51, NULL, 'Jasminum', 22),
(52, NULL, 'Symplocos', 23),
(53, NULL, 'Ligustrum', 22),
(54, NULL, 'Linociera', 22),
(55, NULL, 'Geniostoma', 9),
(56, NULL, 'Fagraea', 24),
(57, NULL, 'Buddleja', 25),
(58, NULL, 'Alyxia', 3),
(59, NULL, 'Paralstonia', 3),
(60, NULL, 'Cerbera', 3),
(61, NULL, 'Catharanthus', 3),
(62, NULL, 'Ervatamia', 3),
(63, NULL, 'Voacanga', 3),
(64, NULL, 'Kibatalia', 3),
(65, NULL, 'Strophanthus', 3),
(66, NULL, 'Chonemorpha', 3),
(67, NULL, 'Anodendron', 3),
(68, NULL, 'Ichnocarpus', 3),
(69, NULL, 'Micrechites', 3),
(70, NULL, 'Streptocaulon', 3),
(71, NULL, 'Toxocarpus', 3),
(72, NULL, 'Gymnema', 3),
(73, NULL, 'Telosma', 3),
(74, NULL, 'Marsdenia', 3),
(75, NULL, 'Hoya', 3),
(76, NULL, 'Dischidia', 3),
(77, NULL, 'Asclepias', 26),
(78, NULL, 'Heterostemma', 26),
(79, NULL, 'Ixora', 1),
(80, NULL, 'Pavetta', 1),
(81, NULL, 'Morinda', 1),
(82, NULL, 'Hydnophytum', 1),
(83, NULL, 'Myrmecodia', 1),
(84, NULL, 'Paederia', 1),
(85, NULL, 'Lasianthus', 1),
(86, NULL, 'Nauclea', 1),
(87, NULL, 'Uncaria', 1),
(88, NULL, 'Mitragyna', 1),
(89, NULL, 'Pertusadina', 1),
(90, NULL, 'Ludekia', 1),
(92, NULL, 'Oxyceros', 1),
(93, NULL, 'Tarenna', 1),
(94, NULL, 'Ophiorrhiza', 1),
(95, NULL, 'Hedyoti', 1),
(98, NULL, 'Mycetia', 1),
(99, NULL, 'Erycibe', 10),
(100, NULL, 'Operculina', 10),
(101, NULL, 'Merremia', 10),
(102, NULL, 'Ehretia', 2),
(104, NULL, 'Symphorema', 4),
(105, NULL, 'Tectona', 4),
(106, NULL, 'Clerodendrum', 4),
(107, NULL, 'Gmelina', 11),
(108, NULL, 'Premna', 4),
(109, NULL, 'Vitex', 4),
(110, NULL, 'Coleus', 11),
(111, NULL, 'Pogostemon', 11),
(112, NULL, 'Gomphostemma', 11),
(113, NULL, 'Solanum', 27),
(114, NULL, 'Limnophila', 28),
(115, NULL, 'Torenia', 28),
(116, NULL, 'Nyctocalos', 8),
(117, NULL, 'Oroxylum', 8),
(118, NULL, 'Radermachera', 8),
(119, NULL, 'Dolichandrone', 8),
(120, NULL, 'Elytraria', 5),
(121, NULL, 'Pseuderanthemum', 5),
(122, NULL, 'Gendarussa', 5),
(123, NULL, 'Rhinacanthus', 5),
(124, NULL, 'Lepidagathis', 5),
(125, NULL, 'Hemigraphis', 5),
(126, NULL, 'Blechum', 5),
(127, NULL, 'Aeschynanthus', 16),
(128, NULL, 'Isanthera', 16),
(129, NULL, 'Aeginetia', 29),
(130, NULL, 'Utricularia', 30),
(131, NULL, 'Plantago', 31),
(132, NULL, 'Viburnum', 13),
(133, NULL, 'Vernonia', 6),
(134, NULL, 'Gynura', 6),
(135, NULL, 'Blumea', 6),
(136, NULL, 'Potamogeton', 32),
(137, NULL, 'Smillax', 12),
(138, NULL, 'Tacca', 33),
(139, NULL, 'Furcraea', 34),
(140, NULL, 'Sansevieria', 34),
(141, NULL, 'Crinum', 35),
(142, NULL, 'Rosmarinus', 11),
(143, NULL, 'Serissa', 1),
(144, NULL, 'Wollastonia', 6),
(145, NULL, 'Brunfelsia', 27),
(146, NULL, 'Trachelospermum', 3),
(147, NULL, 'Manilkara', 15),
(148, NULL, 'Canthium', 1),
(149, NULL, 'Hypobathrum', 1),
(150, NULL, 'Calocarpum', 15),
(151, NULL, 'Beaumontia', 3),
(152, NULL, 'Pentas', 1),
(153, NULL, 'Gardenia', 1),
(154, NULL, 'Crescentia', 8),
(155, NULL, 'Spilornis', 36),
(156, NULL, 'Baccaurea', 37),
(157, NULL, 'Astronia', 38),
(158, NULL, 'Pangium', 39),
(159, NULL, 'Medinilla', 38),
(160, NULL, 'Duabanga', 40),
(161, NULL, 'Breynia', 37),
(162, NULL, 'Eucalyptus', 41),
(163, NULL, 'Euphorbia', 42),
(164, NULL, 'Ochroma', 43),
(165, NULL, 'Planchonia', 44),
(166, NULL, 'Syzygium', 41),
(167, NULL, 'Crypteronia', 45),
(168, NULL, 'Melothria', 46),
(169, NULL, 'Psidium', 41),
(170, NULL, 'Terminalia', 47),
(171, NULL, 'Carallia', 48),
(172, NULL, 'Hydnocarpus', 39),
(173, NULL, 'Casearia', 49),
(174, NULL, 'Melastoma', 38),
(175, NULL, 'Mallotus', 42),
(176, NULL, 'Melaleuca', 41),
(177, NULL, 'Trichosanthes', 46),
(178, NULL, 'Diplocyclos', 46),
(179, NULL, 'Pterospermum', 50),
(180, NULL, 'Heritiera', 50),
(181, NULL, 'Drypetes', 51),
(182, NULL, 'Aglaia', 52),
(183, NULL, 'Alsomitra', 46),
(184, NULL, 'Petersianthus', 44),
(185, NULL, 'Abroma', 50),
(186, NULL, 'Barringtonia', 44),
(187, NULL, 'Memecylon', 38),
(188, NULL, 'Begonia', 8),
(189, NULL, 'Cleistocalyx', 41),
(190, NULL, 'Punica', 53),
(191, NULL, 'Astrocalyx', 38),
(192, NULL, 'Phaleria', 54),
(193, NULL, 'Sauropus', 37),
(194, NULL, 'Wikstroemia', 54),
(195, NULL, 'Elaeagnus', 55),
(196, NULL, 'Antidesma', 37),
(197, NULL, 'Leea', 56),
(198, NULL, 'Alangium', 57),
(199, NULL, 'Omalanthus', 42),
(200, NULL, 'Microcos', 50),
(201, NULL, 'Aphanamixis', 52),
(202, NULL, 'Dysoxylum', 52),
(203, NULL, 'Cubilia', 58),
(204, NULL, 'Harpullia', 58),
(205, NULL, 'Crotalaria', 59),
(206, NULL, 'Bridelia', 37),
(207, NULL, 'Bischofia', 37),
(208, NULL, 'Aporosa', 37),
(209, NULL, 'Phyllanthus', 37),
(210, NULL, 'Glochidion', 37),
(211, NULL, '', 37),
(212, NULL, 'Pedilanthus', 42),
(213, NULL, 'Croton', 42),
(214, NULL, 'Doryxylon', 42),
(215, NULL, 'Jatropha', 42),
(216, NULL, 'Aleurites', 42),
(217, NULL, 'Dimorphocalyx', 42),
(218, NULL, 'Codiaeum', 42),
(219, NULL, 'Trigonostemon', 42),
(220, NULL, 'Endospermum', 42),
(221, NULL, 'Excoecaria', 42),
(222, NULL, 'Sapium', 42),
(223, NULL, 'Omphalea', 42),
(224, NULL, 'Manihot', 42),
(225, NULL, 'Hura', 42),
(226, NULL, 'Diplodiscus', 50),
(227, NULL, 'Acalypha', 42),
(228, NULL, 'Alchornea', 42),
(229, NULL, 'Neotrewia', 60),
(230, NULL, 'Homonoia', 42),
(231, NULL, 'Melanolepis', 42),
(232, NULL, 'Claoxylon', 42),
(233, NULL, 'Macaranga', 42),
(234, NULL, 'Cleidion', 42),
(235, NULL, 'Melicope', 61),
(236, NULL, '', 61),
(237, NULL, 'Euodia', 61),
(238, NULL, 'Toddalia', 61),
(239, NULL, 'Paramignya', 61),
(240, NULL, 'Lunasia', 61),
(241, NULL, 'Clausena', 61),
(242, NULL, 'Citrus', 61),
(243, NULL, 'Zanthoxylum', 61),
(244, NULL, 'Garuga', 62),
(245, NULL, 'Canarium', 62),
(246, NULL, 'Melia', 52),
(247, NULL, 'Cedrela', 52),
(248, NULL, 'Chisocheton', 52),
(249, NULL, 'Malpighia', 63),
(250, NULL, 'Hiptage', 63),
(251, NULL, 'Aspidopterys', 63),
(252, NULL, 'Xanthophyllum', 64),
(253, NULL, 'Securidaca', 64),
(254, NULL, 'Epirixanthes', 64),
(255, NULL, 'Mangifera', 65),
(256, NULL, 'Buchanania', 65),
(257, NULL, 'Lonchocarpus', 59),
(258, NULL, 'Semecarpus', 65),
(259, NULL, 'Schinus', 65),
(260, NULL, 'Koordersiodendron', 65),
(261, NULL, 'Dracontomelon', 65),
(262, NULL, 'Spondias', 65),
(263, NULL, 'Acer', 58),
(264, NULL, 'Allophylus', 58),
(265, NULL, 'Sapindus', 58),
(266, NULL, 'Otophora', 58),
(267, NULL, 'Nephelium', 58),
(268, NULL, 'Lepisanthes', 58),
(269, NULL, 'Glenniea', 58),
(270, NULL, 'Guioa', 58),
(271, NULL, 'Arytera', 58),
(272, NULL, 'Lepidopetalum', 58),
(273, NULL, 'Mischocarpus', 58),
(274, NULL, 'Elattostachys', 58),
(275, NULL, 'Meliosma', 58),
(276, NULL, 'Impatiens', 66),
(277, NULL, 'Lophopetalum', 67),
(278, NULL, 'Perrottetia', 68),
(279, NULL, 'Reissantia', 67),
(280, NULL, 'Siphonodon', 67),
(281, NULL, 'Turpinia', 69),
(282, NULL, 'Stemonurus', 70),
(283, NULL, 'Gonocaryum', 71),
(284, NULL, 'Iodes', 71),
(285, NULL, 'Phytocrene', 71),
(286, NULL, 'Ziziphus', 72),
(287, NULL, 'Ventilago', 72),
(288, NULL, 'Tetrastigma', 56),
(289, NULL, 'Elaeocarpus', 73),
(290, NULL, 'Grewia', 50),
(291, NULL, 'Hibiscus', 50),
(292, NULL, 'Melochia', 74),
(293, NULL, 'Callistemon', 41),
(294, NULL, 'Eugenia', 41),
(295, NULL, 'Couroupita', 44),
(296, NULL, 'Mastixiapentandra', 75),
(297, NULL, 'Kleinhovia', 74),
(298, NULL, 'Rinorea', 76),
(299, NULL, 'Durio', 43),
(300, NULL, 'Decaspermum', 41),
(301, NULL, 'Pachyptera', 8),
(302, NULL, 'Quisqualis', 47),
(303, NULL, 'Cavanillesia', 43),
(304, NULL, 'Clitoria', 59),
(305, NULL, 'Acmena', 41),
(306, NULL, 'Octomeles', 77),
(307, NULL, 'Dombeya', 74),
(308, NULL, 'Hevea', 42),
(309, NULL, 'Dichapetalum', 78),
(310, NULL, 'Pellacalyx', 48),
(311, NULL, 'Adenia', 79),
(312, NULL, 'Sciaphila', 80),
(313, NULL, 'Cervus', 81),
(314, NULL, 'Cynopterus', 82),
(315, NULL, 'Dalbergia', 59),
(316, NULL, 'Passiflora', 79),
(317, NULL, 'Landolphia', 3),
(318, NULL, '', 59),
(319, NULL, 'Passer', 83),
(320, NULL, 'Microhierax', 84),
(321, NULL, 'Phapitreron', 85),
(322, NULL, 'Gallicolumba', 85),
(323, NULL, 'Loriculus', 86),
(324, NULL, 'Phaenicophaeus', 87),
(325, NULL, 'Otus', 88),
(326, NULL, 'Actenoides', 89),
(327, NULL, 'Alcedo', 89),
(328, NULL, 'Penelopides', 90),
(329, NULL, 'Dendrocopos', 91),
(330, NULL, 'Dicrurus', 92),
(331, NULL, 'Hypsipetes', 93),
(332, NULL, 'Pycnonotus', 93),
(333, NULL, 'Orthotomus', 94),
(334, NULL, 'Copsychus', 95),
(335, NULL, 'Rhipidura', 96),
(336, NULL, 'Pachycephala', 97),
(337, NULL, 'Parus', 98),
(338, NULL, 'Dicaeum', 99),
(339, NULL, 'Rana', 100),
(340, NULL, 'Platymantis', 101),
(341, NULL, 'Ooeidozyga', 102),
(342, NULL, 'Polypedates', 103),
(343, NULL, 'Rhacophorus', 103),
(344, NULL, 'Philautus', 103),
(345, NULL, 'Kaloula', 104),
(346, NULL, 'Rhinella', 105),
(347, NULL, 'Megaderma', 106),
(348, NULL, 'Rafflesia', 107),
(349, NULL, 'Ficus', 108),
(350, NULL, 'Dendrocnide', 109),
(351, NULL, 'Neolitsea', 110),
(352, NULL, 'Pinanga', 111),
(353, NULL, 'Raphidophora', 112),
(354, NULL, 'Tectaria', 113),
(355, NULL, 'Myristica', 114),
(356, NULL, 'Magnolia', 115),
(357, NULL, 'Murraya', 61),
(358, NULL, 'Dillenia', 116),
(359, NULL, 'Weinmannia', 117),
(360, NULL, 'Saurauia', 118),
(361, NULL, 'Radermachia', 109),
(362, NULL, 'Poikilospermum', 109),
(363, NULL, 'Matthaea', 119),
(364, NULL, 'Litsea', 110),
(365, NULL, 'Lithocarpus', 120),
(366, NULL, 'Goniothalamus', 121),
(367, NULL, 'Evodia', 61),
(368, NULL, 'Euonymus', 67),
(369, NULL, 'Dioscorea', 33),
(370, NULL, 'Dinochloa', 122),
(371, NULL, 'Cryptocarya', 110),
(372, NULL, 'Archidendron', 59),
(373, NULL, 'Adiantum', 123),
(374, NULL, 'Asplenium', 124),
(375, NULL, 'Davallia', 125),
(376, NULL, 'Dryopteris', 126),
(377, NULL, 'Crepidomanes', 127),
(378, NULL, 'Lomagramma', 126),
(379, NULL, 'Lycopodiella', 128),
(380, NULL, 'Angiopteris', 129),
(381, NULL, 'Marattia', 129),
(382, NULL, 'Nephrolepis', 126),
(383, NULL, 'Aglaomorpha', 130),
(384, NULL, 'Selliguea', 130),
(385, NULL, 'Polypodium', 130),
(386, NULL, 'Loxogramme', 130),
(387, NULL, 'Microsorum', 130),
(388, NULL, 'Pityrogramma', 123),
(389, NULL, 'Pteris', 123),
(390, NULL, 'Selaginella', 131),
(391, NULL, 'Pneumatopteris', 132),
(392, NULL, 'Antrophyum', 123),
(393, NULL, 'Aglaonema', 112),
(394, NULL, 'Alocasia', 112),
(395, NULL, 'Photoidium', 112),
(396, NULL, 'Rhaphidophora', 112),
(397, NULL, 'Apoballis', 112),
(398, NULL, 'Scindapsus', 112),
(399, NULL, 'Calamus', 111),
(400, NULL, 'Forrestia', 133),
(401, NULL, 'Pollia', 133),
(402, NULL, 'Bulbophyllum', 134),
(403, NULL, 'Coelogyne', 134),
(404, NULL, 'Corymborkis', 134),
(405, NULL, 'Cystorchis', 134),
(406, NULL, 'Dendrochilum', 134),
(407, NULL, 'Crepidium', 134),
(408, NULL, 'Plocoglottis', 134),
(409, NULL, 'Freycinetia', 135),
(411, NULL, 'Pandanus', 135),
(412, NULL, 'Holmskioldia', 4);

-- --------------------------------------------------------

--
-- Table structure for table `habitat`
--

CREATE TABLE IF NOT EXISTS `habitat` (
  `habitat_id` int(11) NOT NULL AUTO_INCREMENT,
  `habitat` varchar(511) DEFAULT NULL,
  `species_taxon_id` int(11) DEFAULT NULL,
  PRIMARY KEY (`habitat_id`)
) ENGINE=InnoDB  DEFAULT CHARSET=latin1 AUTO_INCREMENT=729 ;

--
-- Dumping data for table `habitat`
--

INSERT INTO `habitat` (`habitat_id`, `habitat`, `species_taxon_id`) VALUES
(1, 'Native of tropical Africa, now widely distrib', 1),
(2, 'Throughout the Philippines; endemic; in prima', 2),
(3, 'Tropical America. in Mt. Makiling, Luzon, int', 3),
(4, 'Tropical Africa and Asia, through Malesia to ', 4),
(5, 'Tropical America. Introduced in the Philippin', 5),
(6, 'Throughout the Philippines. In primary and se', 6),
(7, 'Native of Tropical Africa, now found in India', 7),
(8, 'Korea, Ryukyu, Taiwan, Japan, China and tempe', 8),
(9, 'Native of South Africa,now cultivated in most', 9),
(10, 'Tropical America.In Mt.Makiling,Luzon,recentl', 10),
(11, 'India,Ceylon,Cochin-China,throughout Malesia ', 11),
(12, 'Philippines;endemic.In dry thickets extending', 14),
(15, 'Native of French Guiana.Cultivated in the Phi', 17),
(17, 'Throughout the Philipppines;endemic;in forest', 19),
(18, 'Tropical Asia and Africa,through Malesia to P', 20),
(19, 'Recently introduced in Mt.Makiling,Luzon,cult', 21),
(20, 'West Tropical Africa.Introduced in Mt.nakilin', 22),
(21, 'India to northern Australia. Widely distribut', 23),
(22, '-', 24),
(23, 'Tropical Africa. Introduced in the Philippine', 25),
(24, 'India,Ceylon,thailand,Indochina and Malay Pen', 26),
(25, 'Taiwan and Japan.Luzon,Philippines,in thicket', 27),
(26, 'Japan and China.In Mt.Makiling,Luzon,recently', 28),
(27, 'Native in Brazil,now cultivated in many tropi', 29),
(28, 'Western Asia to Malesia,Australia and Polynes', 30),
(29, '-', 31),
(30, '-', 32),
(31, '-', 33),
(32, 'Palau and Yap Islands, southward to the Solom', 34),
(33, '-', 35),
(34, 'India,Indochina,Malaysia to tropical Africa.', 36),
(35, 'Luzon(Laguna,Panay),Philippines;endemic.', 37),
(36, 'Central to southern Luzon and Mindoro,Philipp', 38),
(37, 'India to Hawaii,Malaysia,Northern Australia a', 39),
(38, 'Throughout the Philippines;endemic;in primary', 40),
(39, 'throughout the Philippines;endemic;in primary', 41),
(40, 'Throughout the Philippines;endemic;in forests', 42),
(41, 'Widely distributed in Malesia.Trhughout the P', 43),
(42, 'Java to Molucas,Thriughouth the Philippines,i', 44),
(43, 'Central Luzon,the Visayas to northern Mindana', 45),
(44, 'Luzon,Philippines;endemic;', 46),
(45, '-', 47),
(46, 'Southeastern Celebes,Philippines(Bataan Is,.L', 48),
(47, 'Northern to southern Luzon,Philippines;', 49),
(48, '-', 50),
(49, 'Central to southern Luzon,Philippines;endemic', 51),
(50, '-', 52),
(51, '-', 53),
(52, '-', 54),
(53, '-', 55),
(54, '-', 56),
(55, '-', 57),
(56, '-', 58),
(57, '-', 59),
(58, '-', 60),
(59, '-', 61),
(60, '-', 62),
(61, '-', 63),
(62, '-', 64),
(63, 'Widely distributed in the Old World tropics,n', 65),
(64, '-', 66),
(65, 'Luzon (Cagayan, Bataan and Laguna)', 67),
(66, '-', 68),
(67, 'Throughout the Philippines;endemic,in primary', 69),
(68, 'Throughout Malesia. Throughout the Philippine', 70),
(69, 'Throughout the Philippines;endemic;in primary', 71),
(70, 'Luzon(Zambales,Bataan,Quezon and Laguna)', 72),
(71, 'Northern to southern Luzon,Philippines;endemi', 73),
(72, 'Luzon,in visayan islands,Philippines;endemic;', 74),
(73, 'Borneo and Celebes.Luzon to Mindoro,Philippin', 75),
(74, 'Malay Peninsula,Sumatra and Borneo.', 76),
(75, 'Malay Peninsula, Sumatra, Java, Borneo and th', 77),
(76, 'Throughout the Philipppines; endemic; in thic', 78),
(77, 'Mexico. In the Philippines, early introduced ', 79),
(78, 'Indochina, Lower Thailand, Sumatra', 80),
(79, 'Andaman Islands, Assam, Thailand, Malay Penin', 81),
(80, 'Luzon to Mindoro and Visayan islands, Philipp', 82),
(81, 'Malay Peninsula, Sumatra, Borneo, Celebes and', 84),
(82, 'Northern to central Luzon and Negros, Philipp', 85),
(83, 'Throughout Malesia except New Guinea.', 86),
(84, 'Borneo, Celebes, Philippines.', 87),
(85, 'Continental Asia. Cultivated in many tropical', 88),
(86, 'Malay Peninsula and Archipelago.', 89),
(87, 'Luzon to Masbate, Philippines; endemic.', 90),
(88, 'Luzon to Mindoro, Philippines; endemic.', 91),
(89, 'Throughout the Philippines; endemic.', 92),
(90, 'India through Malesia to tropical Australia.', 93),
(91, 'Throughout Malesia except Malay Peninsula and', 94),
(92, '-', 95),
(93, '-', 96),
(94, 'Southeastern Asia, southern China and Taiwan,', 97),
(95, 'Throughout the Philippines; endemic; on ridge', 98),
(96, 'Throughout the Philippines, in primary forest', 99),
(97, 'Thailand to Indochina, Malay Peninsula, Borne', 100),
(98, 'Tropical Asia through Malesia to tropical Aus', 101),
(99, 'Native in tropical America. Recent author are', 102),
(100, 'Luzon to the Visayan islands, Philippines; en', 103),
(101, 'Throughout the Philippines, endemic; in damp ', 104),
(102, 'Throughout the Philippines; endemic; in fores', 105),
(103, 'Luzon to Mindoro and Catanduanes, Philippines', 106),
(104, 'Central Luzon to Leyte, Philippines; endemic.', 107),
(105, 'Throughout the Philippines, in thickets and f', 108),
(106, 'Laguna and Batanagas to Palawan.', 109),
(107, 'India through Malaysia, Java to Timor.', 110),
(108, 'Throughout the Philippines; endemic;', 111),
(109, 'Java. Southern Luzon to Mindandao, Philippine', 112),
(110, 'Luzon to Mindoro, Philippines; endemic;', 113),
(111, 'Luzon to Cebu, Philippines; endemic; in thick', 114),
(112, 'Luzon (Rizal, Laguna) to Leyte, Philippines; ', 115),
(113, 'Abra, Rizal and Laguna, Philipppines; endemic', 116),
(114, 'India to Burma and the Malay Peninsula.', 117),
(115, 'Luzon, Mindoro to Palawan, Philippines; endem', 118),
(116, 'Throught the Philippines; endemic; in thicket', 119),
(117, 'India to southern China, Sumatra to Java.', 120),
(118, 'Burma, Malay Peninsula, Sumatra, Java, Borneo', 121),
(119, 'Northern to southern Luzon and Camiguin Islan', 122),
(120, 'Luzon (Bataan, Rizal, Laguna), Philippines; e', 123),
(121, 'Native of tropical America, now a weed in mos', 124),
(122, 'Northern to central Luzon, Philippines; endem', 125),
(123, 'Celebes. Throughout the Philippines, in fores', 126),
(124, 'Throughout the Philippines; endemic; in prima', 127),
(125, 'Probably a native of Thailand but frequently ', 128),
(126, 'Celebes and borneo. Throughout the Philippine', 129),
(127, 'Southern Luzon and the Visayan reion, Philipp', 130),
(128, 'India to China trough Malaysia to tropical Au', 131),
(130, 'Luzon (Bataan, Zambales and Laguna, and Catan', 133),
(131, 'Indochina, Malaya Peninsula, Sumatra, Borneo ', 134),
(132, 'Malay Peninsula and Java. Throughout the Phil', 135),
(133, 'India ti China, Japan and Malaysia.', 136),
(134, 'Malay Peninsula to Java. Throughout the Phili', 137),
(135, 'Throughout the Philippines; endemic; chiefly ', 138),
(137, 'Throughout the Philippines; endemic; in thick', 140),
(138, 'Philippines to Taiwan. In forests up to 1,400', 141),
(139, 'Philippines to Taiwan. chiefly in the mossy f', 142),
(140, 'Throughout the Philippines; endemic; in prima', 143),
(141, 'Sri Lanka, Burma, India, Malaysia to northern', 144),
(142, 'Borneo and Sumatra. Luzon, Philippines, in th', 145),
(143, 'Throughout the Philippines; endemic; in fores', 146),
(144, 'Northern Luzon to Mindoro and Leyte, Philippi', 147),
(145, 'Southern Taiwan, Celebes and the Philippines.', 148),
(146, 'Southeastern Asia to Malaysia. In the Philipp', 149),
(147, 'Throughout the Philippines; endemic; in fores', 150),
(148, 'Throughout the Philippies; endemic; chiefly i', 151),
(149, '-', 152),
(150, '-', 153),
(151, '-', 154),
(152, '-', 155),
(153, '-', 156),
(154, '-', 157),
(156, '-', 159),
(157, '-', 160),
(158, 'throughouth the Philippines; endemic; in fore', 161),
(159, 'Luzon (Ilocos Norte, Laguna), Philippines; en', 162),
(160, 'Luzon and the Visayan islands, Philippines; e', 163),
(161, 'India to Malaysia. Throughout the Philippines', 164),
(162, 'Central Luzon, Philippines; endemic. In mossy', 165),
(165, 'Malaysia to New Guinea. Throughout the Philip', 168),
(166, 'Malay Peninsula and Celebes. Luzon to Mindoro', 169),
(167, 'Throughout the Philippines; endemic; in fores', 170),
(168, 'Tropical East Africa, southeastern Asia, Male', 171),
(169, 'India to southeastern Asia, throughout Malesi', 172),
(170, 'Central Luzon,Philippines;endemic;in forests,', 173),
(171, 'India to southern China, Taiwan, Hainan and I', 174),
(172, '-', 175),
(173, '-', 176),
(174, '-', 177),
(176, 'Luzon, Philippines; endemic. Primarily in woo', 179),
(177, 'India, Thailand, Sumatra and Java. Nearly thr', 180),
(178, 'Luzon and Mindanao, Philippines; endemic. On ', 181),
(179, 'Luzon and Mindanao, Philippines; endemic. On ', 182),
(180, 'Taiwan.Throughout the Philippines,widely scat', 183),
(181, 'Malesia, Mariana Islands, Caroline and Palau ', 184),
(182, '-', 185),
(183, 'New Guinea. Luzon and the Visayas, Philippine', 186),
(184, '-', 187),
(185, '-', 188),
(186, '-', 189),
(187, '-', 190),
(188, '-', 191),
(189, '-', 192),
(190, '-', 193),
(191, '-', 194),
(192, '-', 195),
(193, '-', 196),
(194, '-', 197),
(195, '-', 198),
(196, '-', 199),
(197, '-', 200),
(198, '-', 201),
(199, '-', 202),
(200, '-', 203),
(201, '-', 204),
(202, '-', 205),
(203, '-', 206),
(204, '-', 207),
(205, '-', 208),
(206, '-', 209),
(207, '-', 210),
(208, '-', 211),
(209, '-', 212),
(210, '-', 213),
(211, 'Luzon and Mindoro,Philippines;endemic.In high', 214),
(212, '-', 215),
(213, '-', 216),
(214, '-', 217),
(215, '-', 218),
(216, '-', 219),
(217, '-', 220),
(218, '-', 221),
(219, '-', 222),
(220, '-', 223),
(221, '-', 224),
(222, '-', 225),
(223, '-', 226),
(224, '-', 227),
(225, '-', 228),
(226, '-', 229),
(227, '-', 230),
(228, '-', 231),
(229, '-', 232),
(230, '-', 233),
(231, '-', 234),
(232, '-', 235),
(233, '-', 236),
(234, '-', 237),
(235, '-', 238),
(236, '-', 239),
(237, '-', 240),
(238, '-', 241),
(239, '-', 242),
(240, '-', 243),
(241, '-', 244),
(242, '-', 245),
(243, '-', 246),
(244, '-', 247),
(245, '-', 248),
(246, 'Native of India, now cultivated in many tropi', 249),
(247, '-', 250),
(248, 'Luzon (Laguna, Rizal and Quezon provinces), P', 251),
(249, '-', 252),
(250, '-', 253),
(251, '-', 254),
(252, 'Northeast India, Burma, Indochina, Thailand, ', 255),
(253, '-', 256),
(254, '-', 257),
(255, '-', 258),
(256, '-', 259),
(257, '-', 260),
(258, 'Native in Persia, now cultivated in most warm', 261),
(259, '-', 262),
(260, '-', 263),
(261, '-', 264),
(262, '-', 265),
(263, '-', 266),
(264, 'Tropical Africa. Cultivated in the Philippine', 267),
(265, '-', 268),
(266, '-', 269),
(267, '-', 270),
(268, '-', 271),
(269, '-', 272),
(270, '-', 273),
(271, '-', 274),
(272, '-', 275),
(273, '-', 276),
(274, '-', 277),
(275, '-', 278),
(276, '-', 279),
(277, '-', 280),
(278, '-', 281),
(279, '-', 282),
(280, '-', 283),
(281, '-', 284),
(282, '-', 285),
(283, '-', 286),
(284, '-', 287),
(285, '-', 288),
(286, '-', 289),
(287, '-', 290),
(288, '-', 291),
(289, '-', 292),
(290, '-', 293),
(291, '-', 294),
(292, '-', 295),
(293, '-', 296),
(294, '-', 297),
(295, '-', 298),
(296, '-', 299),
(297, '-', 300),
(298, '-', 301),
(299, '-', 302),
(300, '-', 303),
(301, '-', 304),
(302, '-', 305),
(303, '-', 306),
(304, '-', 307),
(305, '-', 308),
(306, '-', 309),
(307, '-', 310),
(308, '-', 311),
(309, '-', 312),
(310, '-', 313),
(311, '-', 314),
(312, '-', 315),
(313, '-', 316),
(314, '-', 317),
(315, '-', 318),
(316, '-', 319),
(317, '-', 320),
(318, '-', 321),
(319, '-', 322),
(320, '-', 323),
(321, '-', 324),
(322, '-', 325),
(323, '-', 326),
(324, '-', 327),
(325, '-', 328),
(326, '-', 329),
(327, '-', 330),
(328, '-', 331),
(329, '-', 332),
(330, '-', 333),
(331, '-', 334),
(332, '-', 335),
(333, '-', 336),
(334, '-', 337),
(335, '-', 338),
(336, '-', 339),
(337, '-', 340),
(338, '-', 341),
(339, '-', 342),
(340, '-', 343),
(341, '-', 344),
(342, '-', 345),
(343, '-', 346),
(344, '-', 347),
(345, '-', 348),
(346, '-', 349),
(347, '-', 350),
(348, '-', 351),
(349, '-', 352),
(350, '-', 353),
(351, '-', 354),
(352, '-', 355),
(353, '-', 356),
(354, '-', 357),
(355, '-', 358),
(356, '-', 359),
(357, '-', 360),
(358, '-', 361),
(359, '-', 362),
(360, '-', 363),
(361, '-', 364),
(362, '-', 365),
(363, '-', 366),
(364, '-', 367),
(365, '-', 368),
(366, '-', 369),
(367, '-', 370),
(368, '-', 371),
(369, '-', 372),
(370, '-', 373),
(371, '-', 374),
(372, '-', 375),
(373, '-', 376),
(374, '-', 377),
(375, '-', 378),
(376, '-', 379),
(377, '-', 380),
(378, '-', 381),
(379, '-', 382),
(380, '-', 383),
(381, '-', 384),
(382, '-', 385),
(383, '-', 386),
(384, '-', 387),
(385, '-', 388),
(386, '-', 389),
(387, '-', 390),
(388, '-', 390),
(389, '-', 391),
(390, '-', 392),
(391, '-', 393),
(392, '-', 394),
(393, '-', 395),
(394, '-', 396),
(395, '-', 397),
(396, '-', 398),
(397, '-', 399),
(398, '-', 400),
(399, '-', 401),
(400, '-', 402),
(401, '-', 403),
(402, '-', 404),
(403, '-', 405),
(404, '-', 406),
(405, '-', 407),
(406, '-', 408),
(407, '-', 409),
(408, '-', 410),
(409, '-', 411),
(410, '-', 412),
(411, '-', 413),
(412, '-', 414),
(413, '-', 415),
(414, '-', 416),
(415, '-', 417),
(416, '-', 418),
(417, '-', 419),
(418, '-', 420),
(419, '-', 421),
(420, '-', 422),
(421, '-', 423),
(422, '-', 424),
(423, '-', 425),
(424, '-', 426),
(425, '-', 427),
(426, '-', 428),
(427, '-', 429),
(428, '-', 430),
(429, '-', 431),
(430, '-', 432),
(431, '-', 433),
(432, '-', 434),
(433, '-', 435),
(434, '-', 436),
(435, '-', 437),
(436, '-', 438),
(437, '-', 439),
(438, '-', 440),
(439, '-', 441),
(440, '-', 442),
(441, '-', 443),
(442, '-', 444),
(443, '-', 445),
(444, '-', 446),
(445, '-', 447),
(446, '-', 448),
(447, '-', 449),
(448, '-', 450),
(449, '-', 451),
(450, '-', 452),
(451, '-', 453),
(452, '-', 454),
(453, '-', 455),
(454, '-', 456),
(455, '-', 457),
(456, '-', 458),
(457, '-', 459),
(458, '-', 460),
(459, '-', 461),
(460, '-', 462),
(461, '-', 463),
(462, '-', 464),
(463, '-', 465),
(464, '-', 466),
(465, '-', 467),
(466, '-', 468),
(467, '-', 469),
(468, '-', 470),
(469, '-', 471),
(470, '-', 472),
(471, '-', 473),
(472, '-', 474),
(473, '-', 475),
(474, '-', 476),
(475, '-', 476),
(476, '-', 477),
(477, '-', 478),
(478, '-', 479),
(479, '-', 480),
(480, '-', 481),
(481, '-', 482),
(482, '-', 483),
(483, '-', 484),
(484, '-', 485),
(485, '-', 486),
(486, '-', 487),
(487, '-', 488),
(488, '-', 489),
(489, '-', 490),
(490, '-', 491),
(491, '-', 492),
(492, '-', 493),
(493, '-', 494),
(494, '-', 495),
(495, '-', 496),
(496, '-', 497),
(497, '-', 498),
(498, '-', 499),
(499, '-', 500),
(500, '-', 501),
(501, '-', 502),
(502, '-', 503),
(503, '-', 504),
(504, '-', 505),
(505, '-', 506),
(506, '-', 507),
(507, '-', 508),
(508, '-', 509),
(509, '-', 510),
(510, '-', 511),
(511, '-', 512),
(512, '-', 513),
(513, '-', 514),
(514, '-', 515),
(515, '-', 516),
(516, '-', 517),
(517, '-', 518),
(518, '-', 519),
(519, '-', 520),
(520, '-', 521),
(521, '-', 522),
(522, '-', 523),
(523, '-', 524),
(524, '-', 525),
(525, '-', 526),
(526, '-', 527),
(527, '-', 528),
(528, '-', 529),
(529, '-', 530),
(530, '-', 531),
(531, '-', 532),
(532, '-', 533),
(533, '-', 534),
(534, '-', 535),
(535, '-', 536),
(536, '-', 537),
(537, '-', 538),
(538, '-', 539),
(539, '-', 540),
(540, '-', 541),
(541, '-', 542),
(542, '-', 543),
(543, '-', 544),
(544, '-', 545),
(545, '-', 546),
(546, '-', 547),
(547, '-', 548),
(548, '-', 549),
(549, '-', 550),
(550, '-', 551),
(551, '-', 552),
(552, '-', 553),
(553, '-', 554),
(554, '-', 555),
(555, '-', 556),
(556, '-', 557),
(557, '-', 558),
(558, '-', 559),
(559, '-', 560),
(560, '-', 561),
(561, '-', 562),
(562, '-', 563),
(563, '-', 564),
(564, '-', 565),
(565, '-', 566),
(566, '-', 567),
(567, '-', 568),
(568, '-', 569),
(569, '-', 570),
(570, '-', 571),
(571, '-', 572),
(572, '-', 573),
(573, '-', 574),
(574, '-', 575),
(575, '-', 576),
(576, 'Philippines;endemic.Luzon o Catanduanes.In fo', 577),
(577, '-', 578),
(578, '-', 579),
(579, '-', 580),
(580, '-', 581),
(581, '-', 582),
(582, '-', 583),
(583, '-', 584),
(584, '-', 585),
(585, '-', 586),
(586, 'Throughout the Philippines;endemic;in forests', 587),
(587, '-', 588),
(588, '-', 589),
(589, '-', 590),
(590, '-', 591),
(591, '-', 592),
(592, '-', 593),
(593, '-', 594),
(594, '-', 595),
(595, '-', 596),
(596, '-', 597),
(597, '-', 598),
(598, '-', 599),
(599, '-', 600),
(600, '-', 601),
(601, '-', 602),
(602, '-', 603),
(603, '-', 604),
(604, '-', 605),
(605, '-', 606),
(606, '-', 607),
(607, '-', 608),
(608, '-', 609),
(609, '-', 610),
(610, '-', 611),
(611, '-', 612),
(612, '-', 613),
(613, '-', 614),
(614, '-', 615),
(615, '-', 616),
(616, '-', 617),
(617, '-', 618),
(618, '-', 619),
(619, '-', 620),
(620, '-', 621),
(621, '-', 622),
(622, '-', 623),
(623, '-', 624),
(624, '-', 625),
(625, '-', 626),
(626, '-', 627),
(627, '-', 628),
(628, '-', 629),
(629, '-', 630),
(630, '-', 631),
(631, '-', 632),
(632, '-', 633),
(633, '-', 634),
(634, '-', 635),
(635, '-', 636),
(636, '-', 637),
(637, '-', 638),
(638, '-', 639),
(639, '-', 640),
(640, '-', 641),
(641, '-', 642),
(642, '-', 643),
(643, '-', 644),
(644, '-', 645),
(645, '-', 646),
(646, '-', 647),
(647, '-', 648),
(648, '-', 649),
(649, '-', 650),
(650, '-', 651),
(651, '-', 652),
(652, '-', 653),
(653, '-', 654),
(654, '-', 655),
(655, '-', 656),
(656, '-', 657),
(657, '-', 658),
(658, '-', 659),
(659, '-', 660),
(660, '-', 661),
(661, '-', 662),
(662, '-', 663),
(663, '-', 664),
(664, '-', 665),
(665, '-', 666),
(666, '-', 667),
(667, '-', 668),
(668, '-', 669),
(669, '-', 670),
(670, '-', 671),
(671, '-', 672),
(672, '-', 673),
(673, '-', 674),
(674, '-', 675),
(675, '-', 676),
(676, '-', 677),
(677, '-', 678),
(678, '-', 679),
(679, '-', 680),
(680, '-', 681),
(681, '-', 682),
(682, '-', 683),
(683, '-', 684),
(684, '-', 685),
(685, '-', 686),
(686, '-', 687),
(687, '-', 688),
(688, '-', 689),
(689, '-', 690),
(690, '-', 691),
(691, '-', 692),
(692, '-', 693),
(693, '-', 694),
(694, '-', 695),
(695, '-', 696),
(696, '-', 697),
(697, '-', 698),
(698, '-', 699),
(699, '-', 700),
(700, '-', 701),
(701, '-', 702),
(702, '-', 703),
(703, '-', 704),
(704, '-', 705),
(705, '-', 706),
(706, '-', 707),
(707, '-', 708),
(708, '-', 709),
(709, '-', 710),
(710, '-', 711),
(711, '-', 712),
(712, '-', 713),
(713, '-', 714),
(714, '-', 715),
(715, '-', 716),
(716, '-', 717),
(717, '-', 718),
(718, '-', 719),
(719, '-', 720),
(720, '-', 721),
(722, '-', 723),
(723, '-', 724),
(724, 'Northern to southern Luzon, Philippines; ende', 726),
(725, 'Native of Burma.In Mt.Makiling,Luzon,recently', 12),
(726, 'no records found', 13),
(727, 'India, Malaysia, Australia and Polynesia. ', 727),
(728, 'no records found', 728);

-- --------------------------------------------------------

--
-- Table structure for table `image`
--

CREATE TABLE IF NOT EXISTS `image` (
  `image_id` int(11) NOT NULL AUTO_INCREMENT,
  `species_taxon_id` int(11) NOT NULL,
  `profile_image` binary(1) NOT NULL DEFAULT '0',
  `image_location` varchar(45) NOT NULL,
  `description` varchar(1000) DEFAULT NULL,
  PRIMARY KEY (`image_id`)
) ENGINE=InnoDB  DEFAULT CHARSET=latin1 AUTO_INCREMENT=87 ;

--
-- Dumping data for table `image`
--

INSERT INTO `image` (`image_id`, `species_taxon_id`, `profile_image`, `image_location`, `description`) VALUES
(27, 1, '0', 'images/species/Alcedo_cyanopectus1.jpeg', 'heheyghgnjh'),
(38, 25, '1', 'images/species/3rakdj7.jpg', 'image 1'),
(66, 1, '0', 'images/species/3rakdj.jpg', 'hiillhkhkhk'),
(68, 1, '0', 'images/species/09.jpg', 'rgsfs'),
(69, 1, '1', 'images/species/13142.jpg', 'fsv'),
(71, 1, '0', 'images/species/bulmavegeta.jpg', NULL),
(77, 2, '0', 'images/species/03212013297.JPG', NULL),
(78, 1, '0', 'images/species/Dicaeum_pygmaeum.jpeg', NULL),
(79, 1, '0', 'images/species/kon.jpg', NULL),
(80, 1, '0', 'images/species/Dicrurus_balicassius.jpeg', NULL),
(81, 1, '0', 'images/species/Dicrurus_balicassius.jpeg', NULL),
(82, 163, '0', 'images/species/Dicrurus_balicassius.jpeg', 'hi'),
(84, 1, '0', 'images/species/09.jpg', NULL),
(85, 1, '0', 'images/species/13142.jpg', NULL),
(86, 1, '0', 'images/species/3rakdj7.jpg', NULL);

-- --------------------------------------------------------

--
-- Table structure for table `kingdom`
--

CREATE TABLE IF NOT EXISTS `kingdom` (
  `kingdom_id` int(11) NOT NULL AUTO_INCREMENT,
  `kingdom` varchar(45) DEFAULT NULL,
  `domain_domain_id` int(11) NOT NULL,
  PRIMARY KEY (`kingdom_id`),
  KEY `fk_kingdom_domain1` (`domain_domain_id`)
) ENGINE=InnoDB  DEFAULT CHARSET=latin1 AUTO_INCREMENT=3 ;

--
-- Dumping data for table `kingdom`
--

INSERT INTO `kingdom` (`kingdom_id`, `kingdom`, `domain_domain_id`) VALUES
(1, 'Plantae', 4),
(2, 'Animalia', 4);

-- --------------------------------------------------------

--
-- Table structure for table `location`
--

CREATE TABLE IF NOT EXISTS `location` (
  `location_id` varchar(1000) NOT NULL,
  `species_taxon_id` varchar(1000) NOT NULL,
  `species_location` varchar(1000) NOT NULL
) ENGINE=InnoDB DEFAULT CHARSET=latin1;

-- --------------------------------------------------------

--
-- Table structure for table `phylum`
--

CREATE TABLE IF NOT EXISTS `phylum` (
  `phylum_id` int(11) NOT NULL AUTO_INCREMENT,
  `phylum` varchar(45) DEFAULT NULL,
  `kingdom_kingdom_id` int(11) NOT NULL,
  PRIMARY KEY (`phylum_id`),
  KEY `fk_phylum_kingdom1` (`kingdom_kingdom_id`)
) ENGINE=InnoDB  DEFAULT CHARSET=latin1 AUTO_INCREMENT=4 ;

--
-- Dumping data for table `phylum`
--

INSERT INTO `phylum` (`phylum_id`, `phylum`, `kingdom_kingdom_id`) VALUES
(1, 'Magnoliophyta', 1),
(2, 'Chordata', 2),
(3, 'Lycopodiophyta', 1);

-- --------------------------------------------------------

--
-- Table structure for table `reference`
--

CREATE TABLE IF NOT EXISTS `reference` (
  `reference_id` int(11) NOT NULL AUTO_INCREMENT,
  `reference_code` varchar(255) DEFAULT NULL,
  `reference_number` int(11) NOT NULL,
  PRIMARY KEY (`reference_id`)
) ENGINE=InnoDB  DEFAULT CHARSET=latin1 AUTO_INCREMENT=729 ;

--
-- Dumping data for table `reference`
--

INSERT INTO `reference` (`reference_id`, `reference_code`, `reference_number`) VALUES
(1, 'B', 1),
(2, 'B', 1),
(3, 'B', 1),
(4, 'B', 1),
(5, 'B', 1),
(6, 'B', 1),
(7, 'B', 1),
(8, 'B', 1),
(9, 'B', 1),
(10, 'B', 1),
(11, 'B', 1),
(12, 'B', 1),
(13, 'B', 1),
(14, 'B', 1),
(17, 'B', 1),
(19, 'B', 1),
(20, 'B', 1),
(21, 'B', 1),
(22, 'B', 1),
(23, 'B', 1),
(24, 'B', 1),
(25, 'B', 1),
(26, 'B', 1),
(27, 'B', 1),
(28, 'B', 1),
(29, 'B', 1),
(30, 'B', 1),
(31, 'B', 1),
(32, 'B', 1),
(33, 'B', 1),
(34, 'B', 1),
(35, 'B', 1),
(36, 'B', 1),
(37, 'B', 1),
(38, 'B', 1),
(39, 'B', 1),
(40, 'B', 1),
(41, 'B', 1),
(42, 'B', 1),
(43, 'B', 1),
(44, 'B', 1),
(45, 'B', 1),
(46, 'B', 1),
(47, 'B', 1),
(48, 'B', 1),
(49, 'B', 1),
(50, 'B', 1),
(51, 'B', 1),
(52, 'B', 1),
(53, 'B', 1),
(54, 'B', 1),
(55, 'B', 1),
(56, 'B', 1),
(57, 'B', 1),
(58, 'B', 1),
(59, 'B', 1),
(60, 'B', 1),
(61, 'B', 1),
(62, 'B', 1),
(63, 'B', 1),
(64, 'B', 1),
(65, 'B', 1),
(66, 'B', 1),
(67, 'B', 1),
(68, 'B', 1),
(69, 'B', 1),
(70, 'B', 1),
(71, 'B', 1),
(72, 'B', 1),
(73, 'B', 1),
(74, 'B', 1),
(75, 'B', 1),
(76, 'B', 1),
(77, 'B', 1),
(78, 'B', 1),
(79, 'B', 1),
(80, 'B', 1),
(81, 'B', 1),
(82, 'B', 1),
(84, 'B', 1),
(85, 'B', 1),
(86, 'B', 1),
(87, 'B', 1),
(88, 'B', 1),
(89, 'B', 1),
(90, 'B', 1),
(91, 'B', 1),
(92, 'B', 1),
(93, 'B', 1),
(94, 'B', 1),
(95, 'B', 1),
(96, 'B', 1),
(97, 'B', 1),
(98, 'B', 1),
(99, 'B', 1),
(100, 'B', 1),
(101, 'B', 1),
(102, 'B', 1),
(103, 'B', 1),
(104, 'B', 1),
(105, 'B', 1),
(106, 'B', 1),
(107, 'B', 1),
(108, 'B', 1),
(109, 'B', 1),
(110, 'B', 1),
(111, 'B', 1),
(112, 'B', 1),
(113, 'B', 1),
(114, 'B', 1),
(115, 'B', 1),
(116, 'B', 1),
(117, 'B', 1),
(118, 'B', 1),
(119, 'B', 1),
(120, 'B', 1),
(121, 'B', 1),
(122, 'B', 1),
(123, 'B', 1),
(124, 'B', 1),
(125, 'B', 1),
(126, 'B', 1),
(127, 'B', 1),
(128, 'B', 1),
(129, 'B', 1),
(130, 'B', 1),
(131, 'B', 1),
(133, 'B', 1),
(134, 'B', 1),
(135, 'B', 1),
(136, 'B', 1),
(137, 'B', 1),
(138, 'B', 1),
(140, 'B', 1),
(141, 'B', 1),
(142, 'B', 1),
(143, 'B', 1),
(144, 'B', 1),
(145, 'B', 1),
(146, 'B', 1),
(147, 'B', 1),
(148, 'B', 1),
(149, 'B', 1),
(150, 'B', 1),
(151, 'B', 1),
(152, 'B', 1),
(153, 'B', 1),
(154, 'B', 1),
(155, 'B', 1),
(156, 'B', 1),
(157, 'B', 1),
(159, 'B', 1),
(160, 'B', 1),
(161, 'B', 1),
(162, 'B', 1),
(163, 'B', 1),
(164, 'B', 1),
(165, 'B', 1),
(168, 'B', 1),
(169, 'B', 1),
(170, 'B', 1),
(171, 'B', 1),
(172, 'B', 1),
(173, 'B', 1),
(174, 'B', 1),
(175, 'B', 1),
(176, 'B', 1),
(177, 'B', 1),
(179, 'B', 1),
(180, 'B', 1),
(181, 'B', 1),
(182, 'B', 1),
(183, 'B', 1),
(184, 'B', 1),
(185, 'B', 1),
(186, 'B', 1),
(187, 'B', 1),
(188, 'B', 1),
(189, 'B', 1),
(190, 'B', 1),
(191, 'B', 1),
(192, 'B', 1),
(193, 'B', 1),
(194, 'B', 1),
(195, 'B', 1),
(196, 'B', 1),
(197, 'B', 1),
(198, 'B', 1),
(199, 'B', 1),
(200, 'B', 1),
(201, 'B', 1),
(202, 'B', 1),
(203, 'B', 1),
(204, 'B', 1),
(205, 'B', 1),
(206, 'B', 1),
(207, 'B', 1),
(208, 'B', 1),
(209, 'B', 1),
(210, 'B', 1),
(211, 'B', 1),
(212, 'B', 1),
(213, 'B', 1),
(214, 'B', 1),
(215, 'B', 1),
(216, 'B', 1),
(217, 'B', 1),
(218, 'B', 1),
(219, 'B', 1),
(220, 'B', 1),
(221, 'B', 1),
(222, 'B', 1),
(223, 'B', 1),
(224, 'B', 1),
(225, 'B', 1),
(226, 'B', 1),
(227, 'B', 1),
(228, 'B', 1),
(229, 'B', 1),
(230, 'B', 1),
(231, 'B', 1),
(232, 'B', 1),
(233, 'B', 1),
(234, 'B', 1),
(235, 'B', 1),
(236, 'B', 1),
(237, 'B', 1),
(238, 'B', 1),
(239, 'B', 1),
(240, 'B', 1),
(241, 'B', 1),
(242, 'B', 1),
(243, 'B', 1),
(244, 'B', 1),
(245, 'B', 1),
(246, 'B', 1),
(247, 'B', 1),
(248, 'B', 1),
(249, 'B', 1),
(250, 'B', 1),
(251, 'B', 1),
(252, 'B', 1),
(253, 'B', 1),
(254, 'B', 1),
(255, 'B', 1),
(256, 'B', 1),
(257, 'B', 1),
(258, 'B', 1),
(259, 'B', 1),
(260, 'B', 1),
(261, 'B', 1),
(262, 'B', 1),
(263, 'B', 1),
(264, 'B', 1),
(265, 'B', 1),
(266, 'B', 1),
(267, 'B', 1),
(268, 'B', 1),
(269, 'B', 1),
(270, 'B', 1),
(271, 'B', 1),
(272, 'B', 2),
(273, 'B', 3),
(274, 'B', 3),
(275, 'B', 3),
(276, 'B', 3),
(277, 'B', 3),
(278, 'B', 3),
(279, 'B', 3),
(280, 'B', 3),
(281, 'B', 3),
(282, 'B', 3),
(283, 'B', 3),
(284, 'B', 3),
(285, 'B', 3),
(286, 'B', 3),
(287, 'B', 3),
(288, 'B', 3),
(289, 'B', 3),
(290, 'B', 3),
(291, 'B', 3),
(292, 'B', 3),
(293, 'B', 3),
(294, 'B', 3),
(295, 'B', 3),
(296, 'B', 3),
(297, 'B', 3),
(298, 'B', 3),
(299, 'B', 3),
(300, 'B', 3),
(301, 'B', 3),
(302, 'B', 3),
(303, 'B', 3),
(304, 'B', 3),
(305, 'B', 3),
(306, 'B', 3),
(307, 'B', 3),
(308, 'B', 3),
(309, 'B', 3),
(310, 'B', 3),
(311, 'B', 3),
(312, 'B', 3),
(313, 'B', 3),
(314, 'B', 3),
(315, 'B', 3),
(316, 'B', 3),
(317, 'B', 3),
(318, 'B', 3),
(319, 'B', 3),
(320, 'B', 3),
(321, 'B', 3),
(322, 'B', 3),
(323, 'B', 3),
(324, 'B', 3),
(325, 'B', 3),
(326, 'B', 3),
(327, 'B', 3),
(328, 'B', 3),
(329, 'B', 3),
(330, 'B', 3),
(331, 'B', 3),
(332, 'B', 3),
(333, 'B', 3),
(334, 'B', 3),
(335, 'B', 3),
(336, 'B', 3),
(337, 'B', 3),
(338, 'B', 3),
(339, 'B', 3),
(340, 'B', 3),
(341, 'B', 3),
(342, 'B', 3),
(343, 'B', 3),
(344, 'B', 3),
(345, 'B', 3),
(346, 'B', 3),
(347, 'B', 3),
(348, 'B', 3),
(349, 'B', 3),
(350, 'B', 3),
(351, 'B', 3),
(352, 'B', 3),
(353, 'B', 3),
(354, 'B', 3),
(355, 'B', 3),
(356, 'B', 3),
(357, 'B', 3),
(358, 'B', 3),
(359, 'B', 3),
(360, 'B', 3),
(361, 'B', 3),
(362, 'B', 3),
(363, 'B', 3),
(364, 'B', 3),
(365, 'B', 3),
(366, 'B', 3),
(367, 'B', 3),
(368, 'B', 3),
(369, 'B', 3),
(370, 'B', 3),
(371, 'B', 3),
(372, 'B', 3),
(373, 'B', 3),
(374, 'B', 3),
(375, 'B', 3),
(376, 'B', 3),
(377, 'B', 3),
(378, 'B', 3),
(379, 'B', 3),
(380, 'B', 3),
(381, 'B', 3),
(382, 'B', 3),
(383, 'B', 3),
(384, 'B', 3),
(385, 'B', 3),
(386, 'B', 3),
(387, 'B', 3),
(388, 'B', 3),
(389, 'B', 3),
(390, 'B', 3),
(391, 'B', 3),
(392, 'B', 3),
(393, 'B', 3),
(394, 'B', 3),
(395, 'B', 3),
(396, 'B', 3),
(397, 'B', 3),
(398, 'B', 3),
(399, 'B', 3),
(400, 'B', 3),
(401, 'B', 3),
(402, 'B', 3),
(403, 'B', 3),
(404, 'B', 3),
(405, 'B', 3),
(406, 'B', 3),
(407, 'B', 3),
(408, 'B', 3),
(409, 'B', 3),
(410, 'B', 3),
(411, 'B', 3),
(412, 'B', 3),
(413, 'B', 3),
(414, 'B', 3),
(415, 'B', 3),
(416, 'B', 3),
(417, 'B', 3),
(418, 'B', 3),
(419, 'B', 3),
(420, 'B', 3),
(421, 'B', 3),
(422, 'B', 3),
(423, 'B', 3),
(424, 'B', 3),
(425, 'B', 3),
(426, 'B', 3),
(427, 'B', 3),
(428, 'B', 3),
(429, 'B', 3),
(430, 'B', 3),
(431, 'B', 3),
(432, 'B', 3),
(433, 'B', 3),
(434, 'B', 3),
(435, 'B', 3),
(436, 'B', 3),
(437, 'B', 3),
(438, 'B', 3),
(439, 'B', 3),
(440, 'B', 3),
(441, 'B', 3),
(442, 'B', 3),
(443, 'B', 3),
(444, 'B', 3),
(445, 'B', 3),
(446, 'B', 3),
(447, 'B', 3),
(448, 'B', 3),
(449, 'B', 3),
(450, 'B', 3),
(451, 'B', 3),
(452, 'B', 3),
(453, 'B', 3),
(454, 'B', 3),
(455, 'B', 3),
(456, 'B', 3),
(457, 'B', 3),
(458, 'B', 3),
(459, 'B', 3),
(460, 'B', 3),
(461, 'B', 3),
(462, 'B', 3),
(463, 'B', 3),
(464, 'B', 3),
(465, 'B', 3),
(466, 'B', 3),
(467, 'B', 3),
(468, 'B', 3),
(469, 'B', 3),
(470, 'B', 3),
(471, 'B', 3),
(472, 'B', 3),
(473, 'B', 3),
(474, 'B', 3),
(475, 'B', 3),
(476, 'B', 3),
(477, 'B', 3),
(478, 'B', 3),
(479, 'B', 3),
(480, 'B', 3),
(481, 'B', 3),
(482, 'B', 3),
(483, 'B', 3),
(484, 'B', 3),
(485, 'B', 3),
(486, 'B', 3),
(487, 'B', 3),
(488, 'B', 3),
(489, 'B', 3),
(490, 'B', 3),
(491, 'B', 3),
(492, 'B', 3),
(493, 'B', 3),
(494, 'B', 3),
(495, 'B', 3),
(496, 'B', 3),
(497, 'B', 3),
(498, 'B', 3),
(499, 'B', 3),
(500, 'B', 3),
(501, 'B', 3),
(502, 'B', 3),
(503, 'B', 3),
(504, 'B', 3),
(505, 'B', 3),
(506, 'B', 3),
(507, 'B', 3),
(508, 'B', 3),
(509, 'B', 3),
(510, 'B', 3),
(511, 'B', 3),
(512, 'B', 3),
(513, 'B', 3),
(514, 'B', 3),
(515, 'B', 3),
(516, 'B', 3),
(517, 'B', 3),
(518, 'B', 3),
(519, 'B', 3),
(520, 'B', 3),
(521, 'B', 3),
(522, 'B', 3),
(523, 'B', 3),
(524, 'B', 3),
(525, 'B', 3),
(526, 'B', 3),
(527, 'B', 3),
(528, 'B', 3),
(529, 'B', 3),
(530, 'B', 3),
(531, 'B', 3),
(532, 'B', 3),
(533, 'B', 3),
(534, 'B', 3),
(535, 'B', 3),
(536, 'B', 3),
(537, 'B', 3),
(538, 'B', 3),
(539, 'B', 3),
(540, 'B', 3),
(541, 'B', 3),
(542, 'B', 3),
(543, 'B', 3),
(544, 'B', 3),
(545, 'B', 3),
(546, 'B', 3),
(547, 'B', 3),
(548, 'B', 3),
(549, 'B', 3),
(550, 'B', 3),
(551, 'B', 3),
(552, 'B', 3),
(553, 'B', 3),
(554, 'B', 3),
(555, 'B', 3),
(556, 'B', 3),
(557, 'B', 3),
(558, 'B', 3),
(559, 'B', 3),
(560, 'B', 3),
(561, 'B', 3),
(562, 'B', 3),
(563, 'B', 3),
(564, 'B', 3),
(565, 'B', 3),
(566, 'B', 3),
(567, 'B', 3),
(568, 'B', 3),
(569, 'B', 3),
(570, 'B', 3),
(571, 'B', 3),
(572, 'B', 3),
(573, 'B', 3),
(574, 'B', 3),
(575, 'B', 3),
(576, 'B', 3),
(577, 'B', 4),
(578, 'B', 4),
(579, 'B', 5),
(580, 'B', 5),
(581, 'B', 3),
(582, 'B', 3),
(583, 'B', 3),
(584, 'B', 3),
(585, 'B', 3),
(586, 'B', 1),
(587, 'B', 1),
(588, 'B', 1),
(589, 'B', 1),
(590, 'B', 1),
(591, 'B', 1),
(592, 'B', 1),
(593, 'B', 1),
(594, 'B', 1),
(595, 'B', 1),
(596, 'B', 1),
(597, 'B', 1),
(598, 'B', 1),
(599, 'B', 1),
(600, 'B', 1),
(601, 'B', 1),
(602, 'B', 1),
(603, 'B', 1),
(604, 'B', 1),
(605, 'B', 1),
(606, 'B', 1),
(607, 'B', 1),
(608, 'B', 1),
(609, 'B', 1),
(610, 'B', 1),
(611, 'B', 1),
(612, 'B', 1),
(613, 'B', 1),
(614, 'B', 1),
(615, 'B', 1),
(616, 'B', 1),
(617, 'B', 1),
(618, 'B', 1),
(619, 'B', 1),
(620, 'B', 1),
(621, 'B', 1),
(622, 'B', 1),
(623, 'B', 1),
(624, 'B', 1),
(625, 'B', 1),
(626, 'B', 1),
(627, 'B', 1),
(628, 'B', 1),
(629, 'B', 1),
(630, 'B', 1),
(631, 'B', 1),
(632, 'B', 1),
(633, 'B', 1),
(634, 'B', 1),
(635, 'B', 1),
(636, 'B', 1),
(637, 'B', 1),
(638, 'B', 1),
(639, 'B', 1),
(640, 'B', 1),
(641, 'B', 1),
(642, 'B', 1),
(643, 'B', 1),
(644, 'B', 1),
(645, 'B', 1),
(646, 'B', 1),
(647, 'B', 1),
(648, 'B', 1),
(649, 'B', 1),
(650, 'B', 1),
(651, 'B', 1),
(652, 'B', 1),
(653, 'B', 1),
(654, 'B', 1),
(655, 'B', 1),
(656, 'B', 1),
(657, 'B', 1),
(658, 'B', 1),
(659, 'B', 1),
(660, 'B', 1),
(661, 'B', 1),
(662, 'B', 1),
(663, 'B', 1),
(664, 'B', 1),
(665, 'B', 1),
(666, 'B', 1),
(667, 'B', 1),
(668, 'B', 1),
(669, 'B', 1),
(670, 'B', 1),
(671, 'B', 1),
(672, 'B', 1),
(673, 'B', 1),
(674, 'B', 1),
(675, 'B', 1),
(676, 'B', 1),
(677, 'B', 1),
(678, 'B', 1),
(679, 'B', 1),
(680, 'B', 1),
(681, 'B', 1),
(682, 'B', 1),
(683, 'B', 1),
(684, 'B', 1),
(685, 'B', 1),
(686, 'B', 1),
(687, 'B', 1),
(688, 'B', 1),
(689, 'B', 1),
(690, 'B', 1),
(691, 'B', 1),
(692, 'B', 1),
(693, 'B', 1),
(694, 'B', 1),
(695, 'B', 1),
(696, 'B', 1),
(697, 'B', 1),
(698, 'B', 1),
(699, 'B', 1),
(700, 'B', 1),
(701, 'B', 1),
(702, 'B', 1),
(703, 'B', 1),
(704, 'B', 1),
(705, 'B', 1),
(706, 'B', 1),
(707, 'B', 1),
(708, 'B', 1),
(709, 'B', 1),
(710, 'B', 1),
(711, 'B', 1),
(712, 'B', 1),
(713, 'B', 1),
(714, 'B', 1),
(715, 'B', 1),
(716, 'B', 1),
(717, 'B', 1),
(718, 'B', 1),
(719, 'B', 1),
(720, 'B', 1),
(721, 'B', 1),
(723, 'B', 1),
(724, 'B', 1),
(725, 'B', 1),
(726, 'B', 1),
(727, 'B', 1),
(728, 'B', 1);

-- --------------------------------------------------------

--
-- Table structure for table `reference_book`
--

CREATE TABLE IF NOT EXISTS `reference_book` (
  `Reference_book_id` int(11) NOT NULL AUTO_INCREMENT,
  `Author` varchar(255) NOT NULL,
  `Year_published` int(11) NOT NULL,
  `Book_title` varchar(255) NOT NULL,
  `Publisher` varchar(255) NOT NULL,
  `Reference_code` varchar(255) NOT NULL,
  `Country` varchar(255) NOT NULL,
  PRIMARY KEY (`Reference_book_id`)
) ENGINE=InnoDB  DEFAULT CHARSET=latin1 AUTO_INCREMENT=6 ;

--
-- Dumping data for table `reference_book`
--

INSERT INTO `reference_book` (`Reference_book_id`, `Author`, `Year_published`, `Book_title`, `Publisher`, `Reference_code`, `Country`) VALUES
(1, 'PANCHO, J.V.', 2009, 'Vascular flora of Mount Makiling and vicinity (Luzon: Philippines, Part 2)', 'Armel Industries Incorporation', 'B', 'Philippines'),
(2, 'GONZALEZ, J.C.T.', 1997, 'A pictorial guide to Philippine endemic forest birds of Mount Makiling, Luzon Island, Philippines.', 'UPLB Museum of Natural History', 'B', 'Philippines'),
(3, 'PANCHO, J.V., W. Sm. GRUEZO', 2006, 'Vascular flora of Mount Makiling and vicinity (Luzon: Philippines, Part 2)', 'Armel Industries Incorporation', 'B', 'Philippines'),
(4, 'SEDLOCK, J.L.', 2012, 'Echolocation calls and feeding behavior of insectivorous bats on Mt. Makiling, Laguna', 'SYLVATROP-DENR', 'B', 'Philippines'),
(5, 'ABRAHAM, E.R.G,, J.C.T., GONZALEZ, M.L., CASTILLO, I.L, Jr., LIT, E.S., FERNANDO', 2010, 'Forest cover and biodiversity profile of the crater area of Mt. Makiling, Luzon, Philippines', 'Asia Life Sciences', 'B', 'Philippines');

-- --------------------------------------------------------

--
-- Table structure for table `reference_book_chapter`
--

CREATE TABLE IF NOT EXISTS `reference_book_chapter` (
  `Reference_book_chapter_id` int(11) NOT NULL AUTO_INCREMENT,
  `Author` varchar(255) NOT NULL,
  `Year_published` int(11) NOT NULL,
  `Chapter_title` varchar(255) NOT NULL,
  `Book_title` varchar(255) NOT NULL,
  `Book_author` varchar(255) NOT NULL,
  `Publisher` varchar(255) NOT NULL,
  `Reference_code` varchar(255) NOT NULL,
  `Country` varchar(255) NOT NULL,
  PRIMARY KEY (`Reference_book_chapter_id`)
) ENGINE=InnoDB DEFAULT CHARSET=latin1 AUTO_INCREMENT=1 ;

-- --------------------------------------------------------

--
-- Table structure for table `reference_journal`
--

CREATE TABLE IF NOT EXISTS `reference_journal` (
  `Reference_journal_id` int(11) NOT NULL AUTO_INCREMENT,
  `Author` varchar(255) NOT NULL,
  `Year_published` int(11) NOT NULL,
  `Article_title` varchar(255) NOT NULL,
  `Journal_name` varchar(255) NOT NULL,
  `Reference_code` varchar(255) NOT NULL,
  PRIMARY KEY (`Reference_journal_id`)
) ENGINE=InnoDB DEFAULT CHARSET=latin1 AUTO_INCREMENT=1 ;

-- --------------------------------------------------------

--
-- Table structure for table `reference_proceedings`
--

CREATE TABLE IF NOT EXISTS `reference_proceedings` (
  `Reference_proceedings_id` int(11) NOT NULL AUTO_INCREMENT,
  `Author` varchar(255) NOT NULL,
  `Date` varchar(255) NOT NULL,
  `Year` int(11) NOT NULL,
  `Topic_title` varchar(255) NOT NULL,
  `Symposium` varchar(255) NOT NULL,
  `Venue` varchar(255) NOT NULL,
  `Reference_code` varchar(255) NOT NULL,
  PRIMARY KEY (`Reference_proceedings_id`)
) ENGINE=InnoDB DEFAULT CHARSET=latin1 AUTO_INCREMENT=1 ;

-- --------------------------------------------------------

--
-- Table structure for table `reference_project_report`
--

CREATE TABLE IF NOT EXISTS `reference_project_report` (
  `Reference_project_report_id` int(11) NOT NULL AUTO_INCREMENT,
  `Author` varchar(255) NOT NULL,
  `Project_year` varchar(255) NOT NULL,
  `Institution` varchar(255) NOT NULL,
  `Department` varchar(255) NOT NULL,
  `Funding_agency` varchar(255) NOT NULL,
  `Reference_code` varchar(255) NOT NULL,
  `Project_title` varchar(255) NOT NULL,
  PRIMARY KEY (`Reference_project_report_id`)
) ENGINE=InnoDB DEFAULT CHARSET=latin1 AUTO_INCREMENT=1 ;

-- --------------------------------------------------------

--
-- Table structure for table `reference_thesis`
--

CREATE TABLE IF NOT EXISTS `reference_thesis` (
  `Reference_thesis_id` int(11) NOT NULL AUTO_INCREMENT,
  `Author` varchar(255) NOT NULL,
  `Year_published` int(11) NOT NULL,
  `Thesis_title` varchar(255) NOT NULL,
  `Type` varchar(255) NOT NULL,
  `Location` varchar(255) NOT NULL,
  `Reference_code` varchar(255) NOT NULL,
  PRIMARY KEY (`Reference_thesis_id`)
) ENGINE=InnoDB DEFAULT CHARSET=latin1 AUTO_INCREMENT=1 ;

-- --------------------------------------------------------

--
-- Table structure for table `reproduction_mode`
--

CREATE TABLE IF NOT EXISTS `reproduction_mode` (
  `reproduction_mode_id` int(11) NOT NULL AUTO_INCREMENT,
  `mode` varchar(511) DEFAULT NULL,
  `species_taxon_id` int(11) NOT NULL,
  PRIMARY KEY (`reproduction_mode_id`)
) ENGINE=InnoDB  DEFAULT CHARSET=latin1 AUTO_INCREMENT=729 ;

--
-- Dumping data for table `reproduction_mode`
--

INSERT INTO `reproduction_mode` (`reproduction_mode_id`, `mode`, `species_taxon_id`) VALUES
(1, '-', 1),
(2, '-', 2),
(3, '-', 3),
(4, '-', 4),
(5, '-', 5),
(6, '-', 6),
(7, '-', 7),
(8, '-', 8),
(9, '-', 9),
(10, '-', 10),
(11, '-', 11),
(12, '-', 14),
(15, '-', 17),
(17, '-', 19),
(18, '-', 20),
(19, '-', 21),
(20, '-', 22),
(21, '-', 23),
(22, '-', 24),
(23, '-', 25),
(24, '-', 26),
(25, '-', 27),
(26, '-', 28),
(27, '-', 29),
(28, '-', 30),
(29, '-', 31),
(30, '-', 32),
(31, '-', 33),
(32, '-', 34),
(33, '-', 35),
(34, '-', 36),
(35, '-', 37),
(36, '-', 38),
(37, '-', 39),
(38, '-', 40),
(39, '-', 41),
(40, '-', 42),
(41, '-', 43),
(42, '-', 44),
(43, '-', 45),
(44, '-', 46),
(45, '-', 47),
(46, '-', 48),
(47, '-', 49),
(48, '-', 50),
(49, '-', 51),
(50, '-', 52),
(51, '-', 53),
(52, '-', 54),
(53, '-', 55),
(54, '-', 56),
(55, '-', 57),
(56, '-', 58),
(57, '-', 59),
(58, '-', 60),
(59, '-', 61),
(60, '-', 62),
(61, '-', 63),
(62, '-', 64),
(63, '-', 65),
(64, '-', 66),
(65, '-', 67),
(66, '-', 68),
(67, '-', 69),
(68, '-', 70),
(69, '-', 71),
(70, '-', 72),
(71, '-', 73),
(72, '-', 74),
(73, '-', 75),
(74, '-', 76),
(75, '-', 77),
(76, '-', 78),
(77, '-', 79),
(78, '-', 80),
(79, '-', 81),
(80, '-', 82),
(81, '-', 84),
(82, '-', 85),
(83, '-', 86),
(84, '-', 87),
(85, '-', 88),
(86, '-', 89),
(87, '-', 90),
(88, '-', 91),
(89, '-', 92),
(90, '-', 93),
(91, '-', 94),
(92, '-', 95),
(93, '-', 96),
(94, '-', 97),
(95, '-', 98),
(96, '-', 99),
(97, '-', 100),
(98, '-', 101),
(99, '-', 102),
(100, '-', 103),
(101, '-', 104),
(102, '-', 105),
(103, '-', 106),
(104, '-', 107),
(105, '-', 108),
(106, '-', 109),
(107, '-', 110),
(108, '-', 111),
(109, '-', 112),
(110, '-', 113),
(111, '-', 114),
(112, '-', 115),
(113, '-', 116),
(114, '-', 117),
(115, '-', 118),
(116, '-', 119),
(117, '-', 120),
(118, '-', 121),
(119, '-', 122),
(120, '-', 123),
(121, '-', 124),
(122, '-', 125),
(123, '-', 126),
(124, '-', 127),
(125, '-', 128),
(126, '-', 129),
(127, '-', 130),
(128, '-', 131),
(130, '-', 133),
(131, '-', 134),
(132, '-', 135),
(133, '-', 136),
(134, '-', 137),
(135, '-', 138),
(137, '-', 140),
(138, '-', 141),
(139, '-', 142),
(140, '-', 143),
(141, '-', 144),
(142, '-', 145),
(143, '-', 146),
(144, '-', 147),
(145, '-', 148),
(146, '-', 149),
(147, '-', 150),
(148, '-', 151),
(149, '-', 152),
(150, '-', 153),
(151, '-', 154),
(152, '-', 155),
(153, '-', 156),
(154, '-', 157),
(156, '-', 159),
(157, '-', 160),
(158, '-', 161),
(159, '-', 162),
(160, '-', 163),
(161, '-', 164),
(162, '-', 165),
(165, '-', 168),
(166, '-', 169),
(167, '-', 170),
(168, '-', 171),
(169, '-', 172),
(170, '-', 173),
(171, '-', 174),
(172, '-', 175),
(173, '-', 176),
(174, '-', 177),
(176, '-', 179),
(177, '-', 180),
(178, '-', 181),
(179, '-', 182),
(180, '-', 183),
(181, '-', 184),
(182, '-', 185),
(183, '-', 186),
(184, '-', 187),
(185, '-', 188),
(186, '-', 189),
(187, '-', 190),
(188, '-', 191),
(189, '-', 192),
(190, '-', 193),
(191, '-', 194),
(192, '-', 195),
(193, '-', 196),
(194, '-', 197),
(195, '-', 198),
(196, '-', 199),
(197, '-', 200),
(198, '-', 201),
(199, '-', 202),
(200, '-', 203),
(201, '-', 204),
(202, '-', 205),
(203, '-', 206),
(204, '-', 207),
(205, '-', 208),
(206, '-', 209),
(207, '-', 210),
(208, '-', 211),
(209, '-', 212),
(210, '-', 213),
(211, '-', 214),
(212, '-', 215),
(213, '-', 216),
(214, '-', 217),
(215, '-', 218),
(216, '-', 219),
(217, '-', 220),
(218, '-', 221),
(219, '-', 222),
(220, '-', 223),
(221, '-', 224),
(222, '-', 225),
(223, '-', 226),
(224, '-', 227),
(225, '-', 228),
(226, '-', 229),
(227, '-', 230),
(228, '-', 231),
(229, '-', 232),
(230, '-', 233),
(231, '-', 234),
(232, '-', 235),
(233, '-', 236),
(234, '-', 237),
(235, '-', 238),
(236, '-', 239),
(237, '-', 240),
(238, '-', 241),
(239, '-', 242),
(240, '-', 243),
(241, '-', 244),
(242, '-', 245),
(243, '-', 246),
(244, '-', 247),
(245, '-', 248),
(246, '-', 249),
(247, '-', 250),
(248, '-', 251),
(249, '-', 252),
(250, '-', 253),
(251, '-', 254),
(252, '-', 255),
(253, '-', 256),
(254, '-', 257),
(255, '-', 258),
(256, '-', 259),
(257, '-', 260),
(258, '-', 261),
(259, '-', 262),
(260, '-', 263),
(261, '-', 264),
(262, '-', 265),
(263, '-', 266),
(264, '-', 267),
(265, '-', 268),
(266, '-', 269),
(267, '-', 270),
(268, '-', 271),
(269, '-', 272),
(270, '-', 273),
(271, '-', 274),
(272, '-', 275),
(273, '-', 276),
(274, '-', 277),
(275, '-', 278),
(276, '-', 279),
(277, '-', 280),
(278, '-', 281),
(279, '-', 282),
(280, '-', 283),
(281, '-', 284),
(282, '-', 285),
(283, '-', 286),
(284, '-', 287),
(285, '-', 288),
(286, '-', 289),
(287, '-', 290),
(288, '-', 291),
(289, '-', 292),
(290, '-', 293),
(291, '-', 294),
(292, '-', 295),
(293, '-', 296),
(294, '-', 297),
(295, '-', 298),
(296, '-', 299),
(297, '-', 300),
(298, '-', 301),
(299, '-', 302),
(300, '-', 303),
(301, '-', 304),
(302, '-', 305),
(303, '-', 306),
(304, '-', 307),
(305, '-', 308),
(306, '-', 309),
(307, '-', 310),
(308, '-', 311),
(309, '-', 312),
(310, '-', 313),
(311, '-', 314),
(312, '-', 315),
(313, '-', 316),
(314, '-', 317),
(315, '-', 318),
(316, '-', 319),
(317, '-', 320),
(318, '-', 321),
(319, '-', 322),
(320, '-', 323),
(321, '-', 324),
(322, '-', 325),
(323, '-', 326),
(324, '-', 327),
(325, '-', 328),
(326, '-', 329),
(327, '-', 330),
(328, '-', 331),
(329, '-', 332),
(330, '-', 333),
(331, '-', 334),
(332, '-', 335),
(333, '-', 336),
(334, '-', 337),
(335, '-', 338),
(336, '-', 339),
(337, '-', 340),
(338, '-', 341),
(339, '-', 342),
(340, '-', 343),
(341, '-', 344),
(342, '-', 345),
(343, '-', 346),
(344, '-', 347),
(345, '-', 348),
(346, '-', 349),
(347, '-', 350),
(348, '-', 351),
(349, '-', 352),
(350, '-', 353),
(351, '-', 354),
(352, '-', 355),
(353, '-', 356),
(354, '-', 357),
(355, '-', 358),
(356, '-', 359),
(357, '-', 360),
(358, '-', 361),
(359, '-', 362),
(360, '-', 363),
(361, '-', 364),
(362, '-', 365),
(363, '-', 366),
(364, '-', 367),
(365, '-', 368),
(366, '-', 369),
(367, '-', 370),
(368, '-', 371),
(369, '-', 372),
(370, '-', 373),
(371, '-', 374),
(372, '-', 375),
(373, '-', 376),
(374, '-', 377),
(375, '-', 378),
(376, '-', 379),
(377, '-', 380),
(378, '-', 381),
(379, '-', 382),
(380, '-', 383),
(381, '-', 384),
(382, '-', 385),
(383, '-', 386),
(384, '-', 387),
(385, '-', 388),
(386, '-', 389),
(387, '-', 390),
(388, '-', 390),
(389, '-', 391),
(390, '-', 392),
(391, '-', 393),
(392, '-', 394),
(393, '-', 395),
(394, '-', 396),
(395, '-', 397),
(396, '-', 398),
(397, '-', 399),
(398, '-', 400),
(399, '-', 401),
(400, '-', 402),
(401, '-', 403),
(402, '-', 404),
(403, '-', 405),
(404, '-', 406),
(405, '-', 407),
(406, '-', 408),
(407, '-', 409),
(408, '-', 410),
(409, '-', 411),
(410, '-', 412),
(411, '-', 413),
(412, '-', 414),
(413, '-', 415),
(414, '-', 416),
(415, '-', 417),
(416, '-', 418),
(417, '-', 419),
(418, '-', 420),
(419, '-', 421),
(420, '-', 422),
(421, '-', 423),
(422, '-', 424),
(423, '-', 425),
(424, '-', 426),
(425, '-', 427),
(426, '-', 428),
(427, '-', 429),
(428, '-', 430),
(429, '-', 431),
(430, '-', 432),
(431, '-', 433),
(432, '-', 434),
(433, '-', 435),
(434, '-', 436),
(435, '-', 437),
(436, '-', 438),
(437, '-', 439),
(438, '-', 440),
(439, '-', 441),
(440, '-', 442),
(441, '-', 443),
(442, '-', 444),
(443, '-', 445),
(444, '-', 446),
(445, '-', 447),
(446, '-', 448),
(447, '-', 449),
(448, '-', 450),
(449, '-', 451),
(450, '-', 452),
(451, '-', 453),
(452, '-', 454),
(453, '-', 455),
(454, '-', 456),
(455, '-', 457),
(456, '-', 458),
(457, '-', 459),
(458, '-', 460),
(459, '-', 461),
(460, '-', 462),
(461, '-', 463),
(462, '-', 464),
(463, '-', 465),
(464, '-', 466),
(465, '-', 467),
(466, '-', 468),
(467, '-', 469),
(468, '-', 470),
(469, '-', 471),
(470, '-', 472),
(471, '-', 473),
(472, '-', 474),
(473, '-', 475),
(474, '-', 476),
(475, '-', 476),
(476, '-', 477),
(477, '-', 478),
(478, '-', 479),
(479, '-', 480),
(480, '-', 481),
(481, '-', 482),
(482, '-', 483),
(483, '-', 484),
(484, '-', 485),
(485, '-', 486),
(486, '-', 487),
(487, '-', 488),
(488, '-', 489),
(489, '-', 490),
(490, '-', 491),
(491, '-', 492),
(492, '-', 493),
(493, '-', 494),
(494, '-', 495),
(495, '-', 496),
(496, '-', 497),
(497, '-', 498),
(498, '-', 499),
(499, '-', 500),
(500, '-', 501),
(501, '-', 502),
(502, '-', 503),
(503, '-', 504),
(504, '-', 505),
(505, '-', 506),
(506, '-', 507),
(507, '-', 508),
(508, '-', 509),
(509, '-', 510),
(510, '-', 511),
(511, '-', 512),
(512, '-', 513),
(513, '-', 514),
(514, '-', 515),
(515, '-', 516),
(516, '-', 517),
(517, '-', 518),
(518, '-', 519),
(519, '-', 520),
(520, '-', 521),
(521, '-', 522),
(522, '-', 523),
(523, '-', 524),
(524, '-', 525),
(525, '-', 526),
(526, '-', 527),
(527, '-', 528),
(528, '-', 529),
(529, '-', 530),
(530, '-', 531),
(531, '-', 532),
(532, '-', 533),
(533, '-', 534),
(534, '-', 535),
(535, '-', 536),
(536, '-', 537),
(537, '-', 538),
(538, '-', 539),
(539, '-', 540),
(540, '-', 541),
(541, '-', 542),
(542, '-', 543),
(543, '-', 544),
(544, '-', 545),
(545, '-', 546),
(546, '-', 547),
(547, '-', 548),
(548, '-', 549),
(549, '-', 550),
(550, '-', 551),
(551, '-', 552),
(552, '-', 553),
(553, '-', 554),
(554, '-', 555),
(555, '-', 556),
(556, '-', 557),
(557, '-', 558),
(558, '-', 559),
(559, '-', 560),
(560, '-', 561),
(561, '-', 562),
(562, '-', 563),
(563, '-', 564),
(564, '-', 565),
(565, '-', 566),
(566, '-', 567),
(567, '-', 568),
(568, '-', 569),
(569, '-', 570),
(570, '-', 571),
(571, '-', 572),
(572, '-', 573),
(573, '-', 574),
(574, '-', 575),
(575, '-', 576),
(576, '-', 577),
(577, '-', 578),
(578, '-', 579),
(579, '-', 580),
(580, '-', 581),
(581, '-', 582),
(582, '-', 583),
(583, '-', 584),
(584, '-', 585),
(585, '-', 586),
(586, '-', 587),
(587, '-', 588),
(588, '-', 589),
(589, '-', 590),
(590, '-', 591),
(591, '-', 592),
(592, '-', 593),
(593, '-', 594),
(594, '-', 595),
(595, '-', 596),
(596, '-', 597),
(597, '-', 598),
(598, '-', 599),
(599, '-', 600),
(600, '-', 601),
(601, '-', 602),
(602, '-', 603),
(603, '-', 604),
(604, '-', 605),
(605, '-', 606),
(606, '-', 607),
(607, '-', 608),
(608, '-', 609),
(609, '-', 610),
(610, '-', 611),
(611, '-', 612),
(612, '-', 613),
(613, '-', 614),
(614, '-', 615),
(615, '-', 616),
(616, '-', 617),
(617, '-', 618),
(618, '-', 619),
(619, '-', 620),
(620, '-', 621),
(621, '-', 622),
(622, '-', 623),
(623, '-', 624),
(624, '-', 625),
(625, '-', 626),
(626, '-', 627),
(627, '-', 628),
(628, '-', 629),
(629, '-', 630),
(630, '-', 631),
(631, '-', 632),
(632, '-', 633),
(633, '-', 634),
(634, '-', 635),
(635, '-', 636),
(636, '-', 637),
(637, '-', 638),
(638, '-', 639),
(639, '-', 640),
(640, '-', 641),
(641, '-', 642),
(642, '-', 643),
(643, '-', 644),
(644, '-', 645),
(645, '-', 646),
(646, '-', 647),
(647, '-', 648),
(648, '-', 649),
(649, '-', 650),
(650, '-', 651),
(651, '-', 652),
(652, '-', 653),
(653, '-', 654),
(654, '-', 655),
(655, '-', 656),
(656, '-', 657),
(657, '-', 658),
(658, '-', 659),
(659, '-', 660),
(660, '-', 661),
(661, '-', 662),
(662, '-', 663),
(663, '-', 664),
(664, '-', 665),
(665, '-', 666),
(666, '-', 667),
(667, '-', 668),
(668, '-', 669),
(669, '-', 670),
(670, '-', 671),
(671, '-', 672),
(672, '-', 673),
(673, '-', 674),
(674, '-', 675),
(675, '-', 676),
(676, '-', 677),
(677, '-', 678),
(678, '-', 679),
(679, '-', 680),
(680, '-', 681),
(681, '-', 682),
(682, '-', 683),
(683, '-', 684),
(684, '-', 685),
(685, '-', 686),
(686, '-', 687),
(687, '-', 688),
(688, '-', 689),
(689, '-', 690),
(690, '-', 691),
(691, '-', 692),
(692, '-', 693),
(693, '-', 694),
(694, '-', 695),
(695, '-', 696),
(696, '-', 697),
(697, '-', 698),
(698, '-', 699),
(699, '-', 700),
(700, '-', 701),
(701, '-', 702),
(702, '-', 703),
(703, '-', 704),
(704, '-', 705),
(705, '-', 706),
(706, '-', 707),
(707, '-', 708),
(708, '-', 709),
(709, '-', 710),
(710, '-', 711),
(711, '-', 712),
(712, '-', 713),
(713, '-', 714),
(714, '-', 715),
(715, '-', 716),
(716, '-', 717),
(717, '-', 718),
(718, '-', 719),
(719, '-', 720),
(720, '-', 721),
(722, '-', 723),
(723, '-', 724),
(724, '-', 726),
(725, '-', 12),
(726, 'no records found', 13),
(727, '-', 727),
(728, 'no records found', 728);

-- --------------------------------------------------------

--
-- Table structure for table `species`
--

CREATE TABLE IF NOT EXISTS `species` (
  `taxon_id` int(11) NOT NULL AUTO_INCREMENT,
  `sub_species` varchar(255) DEFAULT NULL,
  `species` varchar(255) DEFAULT NULL,
  `reference_reference_id` int(11) NOT NULL,
  `genus_genus_id` int(11) NOT NULL,
  `image_location` varchar(45) NOT NULL,
  `flag` tinyint(1) NOT NULL,
  `submitted_by` varchar(25) NOT NULL,
  PRIMARY KEY (`taxon_id`),
  KEY `fk_species_reference1` (`reference_reference_id`),
  KEY `fk_species_genus1` (`genus_genus_id`)
) ENGINE=InnoDB  DEFAULT CHARSET=latin1 AUTO_INCREMENT=729 ;

--
-- Dumping data for table `species`
--

INSERT INTO `species` (`taxon_id`, `sub_species`, `species`, `reference_reference_id`, `genus_genus_id`, `image_location`, `flag`, `submitted_by`) VALUES
(1, NULL, 'erythrophylla', 1, 1, '', 1, '0'),
(2, NULL, 'membranifolia', 2, 2, '', 1, '0'),
(3, NULL, 'gerascanthoides', 3, 3, '', 1, '0'),
(4, NULL, 'scholaris', 4, 4, '', 1, '0'),
(5, NULL, 'peruviana', 5, 5, '', 1, '0'),
(6, NULL, 'erioclona', 6, 6, '', 1, '0'),
(7, NULL, 'alata', 7, 7, '', 1, '0'),
(8, NULL, 'lavenia', 8, 8, '', 1, '0'),
(9, NULL, 'auriculata', 9, 9, '', 1, '0'),
(10, NULL, 'mimosifolia', 10, 10, '', 1, '0'),
(11, NULL, 'wallichiana', 11, 11, '', 1, '0'),
(12, NULL, 'dyerianus', 12, 12, '', 1, '0'),
(13, NULL, 'dyerianus', 13, 13, '', 1, '0'),
(14, NULL, 'nitida', 14, 14, '', 1, '0'),
(17, NULL, 'coccinea', 17, 17, '', 1, '0'),
(19, NULL, 'luzoniensis', 19, 19, '', 1, '0'),
(20, NULL, 'basilicum', 20, 20, '', 1, '0'),
(21, NULL, 'mollissima', 21, 21, '', 1, '0'),
(22, NULL, 'africana', 22, 22, '', 1, '0'),
(23, NULL, 'fragrans', 23, 7, '', 1, '0'),
(24, NULL, 'chinensis', 24, 23, '', 1, '0'),
(25, NULL, 'flava', 25, 1, '', 1, '0'),
(26, NULL, 'nuxvomica', 26, 11, '', 1, '0'),
(27, NULL, 'bracteata', 27, 24, '', 1, '0'),
(28, NULL, 'japonica', 28, 25, '', 1, '0'),
(29, NULL, 'cydoniaefolia', 29, 26, '', 1, '0'),
(30, NULL, 'sanctum', 30, 20, '', 1, '0'),
(31, NULL, 'fruticosa', 31, 27, '', 1, '0'),
(32, NULL, 'javanica', 32, 28, '', 1, '0'),
(33, NULL, 'montanum', 33, 29, '', 1, '0'),
(34, NULL, 'philippica', 34, 1, '', 1, '0'),
(35, NULL, 'campanulata', 35, 30, '', 1, '0'),
(36, NULL, 'cordata', 36, 31, '', 1, '0'),
(37, NULL, 'lagunae', 37, 32, '', 1, '0'),
(38, NULL, 'bartlingii', 38, 33, '', 1, '0'),
(39, NULL, 'elengi', 39, 34, '', 1, '0'),
(40, NULL, 'philippense', 40, 29, '', 1, '0'),
(41, NULL, 'simplicifolia', 41, 35, '', 1, '0'),
(42, NULL, 'insularum', 42, 35, '', 1, '0'),
(43, NULL, 'elliptica', 43, 35, '', 1, '0'),
(44, NULL, 'nodosa', 44, 36, '', 1, '0'),
(45, NULL, 'trilobatum', 45, 37, '', 1, '0'),
(46, NULL, 'lineare', 46, 37, '', 1, '0'),
(47, NULL, 'sibthorpioides', 47, 38, '', 1, '0'),
(48, NULL, 'javanica', 48, 39, '', 1, '0'),
(49, NULL, 'vidalii', 49, 40, '', 1, '0'),
(50, NULL, 'quadrasianum', 50, 40, '', 1, '0'),
(51, NULL, 'philippinense', 51, 41, '', 1, '0'),
(52, NULL, 'laxa', 52, 42, '', 1, '0'),
(53, NULL, 'denticulata', 53, 42, '', 1, '0'),
(54, NULL, 'cumingii', 54, 42, '', 1, '0'),
(55, NULL, 'gaudichaudiana', 55, 42, '', 1, '0'),
(56, NULL, 'philippinensis', 56, 43, '', 1, '0'),
(57, NULL, 'philippinensis', 57, 44, '', 1, '0'),
(58, NULL, 'loheri', 58, 45, '', 1, '0'),
(59, NULL, 'squamulosa', 59, 45, '', 1, '0'),
(60, NULL, 'pyramidalis', 60, 45, '', 1, '0'),
(61, NULL, 'serrata', 61, 45, '', 1, '0'),
(62, NULL, 'crispa', 62, 45, '', 1, '0'),
(63, NULL, 'cybianthoides', 63, 46, '', 1, '0'),
(64, NULL, 'montana', 64, 46, '', 1, '0'),
(65, NULL, 'indica', 65, 9, '', 1, '0'),
(66, NULL, 'macrantha', 66, 47, '', 1, '0'),
(67, NULL, 'villamilli', 67, 47, '', 1, '0'),
(68, NULL, 'merrili', 68, 29, '', 1, '0'),
(69, NULL, 'tenuipetiolatum', 69, 29, '', 1, '0'),
(70, NULL, 'duclitan', 70, 48, '', 1, '0'),
(71, NULL, 'gigantifolium', 71, 29, '', 1, '0'),
(72, NULL, 'foxworthyi', 72, 29, '', 1, '0'),
(73, NULL, 'lanceolatum', 73, 29, '', 1, '0'),
(74, NULL, 'luzoniensis', 74, 29, '', 1, '0'),
(75, NULL, 'betis', 75, 49, '', 1, '0'),
(76, NULL, 'diepenhorstii', 76, 50, '', 1, '0'),
(77, NULL, 'blancoi', 77, 50, '', 1, '0'),
(78, NULL, 'multiflora', 78, 50, '', 1, '0'),
(79, NULL, 'ebenum', 79, 50, '', 1, '0'),
(80, NULL, 'cauliflora', 80, 50, '', 1, '0'),
(81, NULL, 'phyrrocarpa', 81, 50, '', 1, '0'),
(82, NULL, 'aculeatum', 82, 51, '', 1, '0'),
(84, NULL, 'pilosantera', 84, 50, '', 1, '0'),
(85, NULL, 'whitfordii', 85, 52, '', 1, '0'),
(86, NULL, 'lancifolia', 86, 52, '', 1, '0'),
(87, NULL, 'polyandra', 87, 52, '', 1, '0'),
(88, NULL, 'officinale', 88, 51, '', 1, '0'),
(89, NULL, 'bifarium', 89, 51, '', 1, '0'),
(90, NULL, 'populifolium', 90, 51, '', 1, '0'),
(91, NULL, 'cumingianum', 91, 53, '', 1, '0'),
(92, NULL, 'philippinensis', 92, 54, '', 1, '0'),
(93, NULL, 'ramiflora', 93, 54, '', 1, '0'),
(94, NULL, 'rupestre', 94, 55, '', 1, '0'),
(95, NULL, 'ceilanica', 95, 56, '', 1, '0'),
(96, NULL, 'auriculata', 96, 56, '', 1, '0'),
(97, NULL, 'asiatica', 97, 57, '', 1, '0'),
(98, NULL, 'concatenata', 98, 58, '', 1, '0'),
(99, NULL, 'clusiacea', 99, 59, '', 1, '0'),
(100, NULL, 'macrophylla', 100, 4, '', 1, '0'),
(101, NULL, 'manghas', 101, 60, '', 1, '0'),
(102, NULL, 'roseus', 102, 61, '', 1, '0'),
(103, NULL, 'subglobosa', 103, 62, '', 1, '0'),
(104, NULL, 'inaequalifolia', 104, 62, '', 1, '0'),
(105, NULL, 'globosa', 105, 63, '', 1, '0'),
(106, NULL, 'elmeri', 106, 64, '', 1, '0'),
(107, NULL, 'gitingensis', 107, 64, '', 1, '0'),
(108, NULL, 'cumingii', 108, 65, '', 1, '0'),
(109, NULL, 'blancoi', 109, 66, '', 1, '0'),
(110, NULL, 'paniculatum', 110, 67, '', 1, '0'),
(111, NULL, 'volubilis', 111, 68, '', 1, '0'),
(112, NULL, 'micrantha', 112, 69, '', 1, '0'),
(113, NULL, 'baumii', 113, 70, '', 1, '0'),
(114, NULL, 'cumingii', 114, 70, '', 1, '0'),
(115, NULL, 'merrillii', 115, 71, '', 1, '0'),
(116, NULL, 'loheri', 116, 71, '', 1, '0'),
(117, NULL, 'tingens', 117, 72, '', 1, '0'),
(118, NULL, 'pachyglossum', 118, 72, '', 1, '0'),
(119, NULL, 'procumbens', 119, 73, '', 1, '0'),
(120, NULL, 'tinctoria', 120, 74, '', 1, '0'),
(121, NULL, 'multiflora', 121, 75, '', 1, '0'),
(122, NULL, 'odorata', 122, 75, '', 1, '0'),
(123, NULL, 'vidalii', 123, 76, '', 1, '0'),
(124, NULL, 'curassavica', 124, 77, '', 1, '0'),
(125, NULL, 'cuspidatum', 125, 78, '', 1, '0'),
(126, NULL, 'macrophylla', 126, 79, '', 1, '0'),
(127, NULL, 'cumingiana', 127, 79, '', 1, '0'),
(128, NULL, 'finlaysoiana', 128, 79, '', 1, '0'),
(129, NULL, 'philippinensis', 129, 79, '', 1, '0'),
(130, NULL, 'longistipula', 130, 79, '', 1, '0'),
(131, NULL, 'indica', 131, 80, '', 1, '0'),
(133, NULL, 'volubilis', 133, 81, '', 1, '0'),
(134, NULL, 'formicarum', 134, 82, '', 1, '0'),
(135, NULL, 'armata', 135, 83, '', 1, '0'),
(136, NULL, 'scandens', 136, 84, '', 1, '0'),
(137, NULL, 'verticillata', 137, 84, '', 1, '0'),
(138, NULL, 'diffusa', 138, 2, '', 1, '0'),
(140, NULL, 'luconiensis', 140, 2, '', 1, '0'),
(141, NULL, 'obliquinervis', 141, 85, '', 1, '0'),
(142, NULL, 'fordii', 142, 85, '', 1, '0'),
(143, NULL, 'subdita', 143, 86, '', 1, '0'),
(144, NULL, 'orientalis', 144, 86, '', 1, '0'),
(145, NULL, 'cordata', 145, 87, '', 1, '0'),
(146, NULL, 'perrottetii', 146, 87, '', 1, '0'),
(147, NULL, 'velutina', 147, 87, '', 1, '0'),
(148, NULL, 'lanosa', 148, 87, '', 1, '0'),
(149, NULL, 'rotundifolia', 149, 88, '', 1, '0'),
(150, NULL, 'multifolia', 150, 89, '', 1, '0'),
(151, NULL, 'bernardoi', 151, 90, '', 1, '0'),
(152, NULL, 'gracilis', 152, 33, '', 1, '0'),
(153, NULL, 'reticulata', 153, 33, '', 1, '0'),
(154, NULL, 'vidalii', 154, 33, '', 1, '0'),
(155, NULL, 'media', 155, 33, '', 1, '0'),
(156, NULL, 'calycina', 156, 33, '', 1, '0'),
(157, NULL, 'nitida', 157, 33, '', 1, '0'),
(159, NULL, 'junghuhniana', 159, 92, '', 1, '0'),
(160, NULL, 'cochinchinensis', 160, 92, '', 1, '0'),
(161, NULL, 'arborea', 161, 93, '', 1, '0'),
(162, NULL, 'pubescens', 162, 93, '', 1, '0'),
(163, NULL, 'anisophylla', 163, 1, '', 1, '0'),
(164, NULL, 'mungos', 164, 94, '', 1, '0'),
(165, NULL, 'elmeri', 165, 95, '', 1, '0'),
(168, NULL, 'javanica', 168, 98, '', 1, '0'),
(169, NULL, 'malaccensis', 169, 99, '', 1, '0'),
(170, NULL, 'terminaliflora', 170, 99, '', 1, '0'),
(171, NULL, 'turpethum', 171, 100, '', 1, '0'),
(172, NULL, 'vitifolia', 172, 101, '', 1, '0'),
(173, NULL, 'luzonensis', 173, 14, '', 1, '0'),
(174, NULL, 'dichotoma', 174, 3, '', 1, '0'),
(175, NULL, 'acuminata', 175, 102, '', 1, '0'),
(176, NULL, 'navesii', 176, 102, '', 1, '0'),
(177, NULL, 'philippinensis', 177, 102, '', 1, '0'),
(179, NULL, 'luzonicum', 179, 104, '', 1, '0'),
(180, NULL, 'grandis', 180, 105, '', 1, '0'),
(181, NULL, 'magna', 181, 6, '', 1, '0'),
(182, NULL, 'caudata', 182, 6, '', 1, '0'),
(183, NULL, 'formasana', 183, 6, '', 1, '0'),
(184, NULL, 'candicans', 184, 6, '', 1, '0'),
(185, NULL, 'thomsonae', 185, 106, '', 1, '0'),
(186, NULL, 'quadriculare', 186, 106, '', 1, '0'),
(187, NULL, 'klemmei', 187, 106, '', 1, '0'),
(188, NULL, 'intermedium', 188, 106, '', 1, '0'),
(189, NULL, 'inerme', 189, 106, '', 1, '0'),
(190, NULL, 'philippinum', 190, 106, '', 1, '0'),
(191, NULL, 'branchyanthum', 191, 106, '', 1, '0'),
(192, NULL, 'philippinensis', 192, 107, '', 1, '0'),
(193, NULL, 'subscandens', 193, 108, '', 1, '0'),
(194, NULL, 'membranacea', 194, 108, '', 1, '0'),
(195, NULL, 'nauseosa', 195, 108, '', 1, '0'),
(196, NULL, 'odorata', 196, 108, '', 1, '0'),
(197, NULL, 'negundo', 197, 109, '', 1, '0'),
(198, NULL, 'turczaninowii', 198, 109, '', 1, '0'),
(199, NULL, 'igolotorum', 199, 110, '', 1, '0'),
(200, NULL, 'cablin', 200, 111, '', 1, '0'),
(201, NULL, 'philippinarum', 201, 112, '', 1, '0'),
(202, NULL, 'torvum', 202, 113, '', 1, '0'),
(203, NULL, 'cumingii', 203, 113, '', 1, '0'),
(204, NULL, 'grandiflorum', 204, 113, '', 1, '0'),
(205, NULL, 'nigrum', 205, 113, '', 1, '0'),
(206, NULL, 'biflorum', 206, 113, '', 1, '0'),
(207, NULL, 'rugosa', 207, 114, '', 1, '0'),
(208, NULL, 'concolor', 208, 115, '', 1, '0'),
(209, NULL, 'cuspidata', 209, 116, '', 1, '0'),
(210, NULL, 'indicum', 210, 117, '', 1, '0'),
(211, NULL, 'pinnata', 211, 118, '', 1, '0'),
(212, NULL, 'spathacea', 212, 119, '', 1, '0'),
(213, NULL, 'imbircata', 213, 120, '', 1, '0'),
(214, NULL, 'pluriforms', 214, 13, '', 1, '0'),
(215, NULL, 'curtatum', 215, 121, '', 1, '0'),
(216, NULL, 'vulgaris', 216, 122, '', 1, '0'),
(217, NULL, 'nasutus', 217, 123, '', 1, '0'),
(218, NULL, 'secunda', 218, 124, '', 1, '0'),
(219, NULL, 'primulaefolia', 219, 125, '', 1, '0'),
(220, NULL, 'pyramidatum', 220, 126, '', 1, '0'),
(221, NULL, 'crassifolius', 221, 127, '', 1, '0'),
(222, NULL, 'discolor', 222, 128, '', 1, '0'),
(223, NULL, 'humilis', 223, 32, '', 1, '0'),
(224, NULL, 'cumingii', 224, 32, '', 1, '0'),
(225, NULL, 'macrodiscus', 225, 32, '', 1, '0'),
(226, NULL, 'incisa', 226, 32, '', 1, '0'),
(227, NULL, 'lobbii', 227, 32, '', 1, '0'),
(228, NULL, 'indica', 228, 129, '', 1, '0'),
(229, NULL, 'striatula', 229, 130, '', 1, '0'),
(230, NULL, 'major', 230, 131, '', 1, '0'),
(231, NULL, 'odoratissimum', 231, 132, '', 1, '0'),
(232, NULL, 'vidalii', 232, 133, '', 1, '0'),
(233, NULL, 'arborea', 233, 133, '', 1, '0'),
(234, NULL, 'lancifolia', 234, 133, '', 1, '0'),
(235, NULL, 'philippinensis', 235, 133, '', 1, '0'),
(236, NULL, 'procumbens', 236, 134, '', 1, '0'),
(237, NULL, 'balsamifera', 237, 135, '', 1, '0'),
(238, NULL, 'lanceolaria', 238, 135, '', 1, '0'),
(239, NULL, 'riparia', 239, 135, '', 1, '0'),
(240, NULL, 'sinuata', 240, 135, '', 1, '0'),
(241, NULL, 'manillensis', 241, 135, '', 1, '0'),
(242, NULL, 'mollis', 242, 135, '', 1, '0'),
(243, NULL, 'malaianus', 243, 136, '', 1, '0'),
(244, NULL, 'leucophylla', 244, 137, '', 1, '0'),
(245, NULL, 'intergrifolia', 245, 138, '', 1, '0'),
(246, NULL, 'gigantea', 246, 139, '', 1, '0'),
(247, NULL, 'guineensis', 247, 140, '', 1, '0'),
(248, NULL, 'asiaticum', 248, 141, '', 1, '0'),
(249, NULL, 'grandiflora', 249, 7, '', 1, '0'),
(250, NULL, 'seaforthianum', 250, 113, '', 1, '0'),
(251, NULL, 'pinnatinervia', 251, 2, '', 1, '0'),
(252, NULL, 'officinalis', 252, 142, '', 1, '0'),
(253, NULL, 'japonica', 253, 143, '', 1, '0'),
(254, NULL, 'biflora', 254, 144, '', 1, '0'),
(255, NULL, 'imbricata', 255, 76, '', 1, '0'),
(256, NULL, 'philippinensis', 256, 127, '', 1, '0'),
(257, NULL, 'americana', 257, 145, '', 1, '0'),
(258, NULL, 'jasminoides', 258, 146, '', 1, '0'),
(259, NULL, 'ovalifolium', 259, 121, '', 1, '0'),
(260, NULL, 'kauki', 260, 147, '', 1, '0'),
(261, NULL, 'sambac', 261, 51, '', 1, '0'),
(262, NULL, 'monstrosum', 262, 148, '', 1, '0'),
(263, NULL, 'frutescens', 263, 149, '', 1, '0'),
(264, NULL, 'colorata', 264, 125, '', 1, '0'),
(265, NULL, 'sapota', 265, 150, '', 1, '0'),
(266, NULL, 'atropurpureum', 266, 121, '', 1, '0'),
(267, NULL, 'divaricata', 267, 62, '', 1, '0'),
(268, NULL, 'grandiflora', 268, 151, '', 1, '0'),
(269, NULL, 'lanceolata', 269, 152, '', 1, '0'),
(270, NULL, 'pseudopsidium', 270, 153, '', 1, '0'),
(271, NULL, 'cujete', 271, 154, '', 1, '0'),
(272, NULL, 'holospilus', 272, 155, '', 1, '0'),
(273, NULL, 'tetrandra', 273, 156, '', 1, '0'),
(274, NULL, 'lagunensis', 274, 157, '', 1, '0'),
(275, NULL, 'edule', 275, 158, '', 1, '0'),
(276, NULL, 'ternifolia', 276, 159, '', 1, '0'),
(277, NULL, 'moluccana', 277, 160, '', 1, '0'),
(278, NULL, 'nivosa', 278, 161, '', 1, '0'),
(279, NULL, 'deglupta', 279, 162, '', 1, '0'),
(280, NULL, 'cyathophora', 280, 163, '', 1, '0'),
(281, NULL, 'pyramidale', 281, 164, '', 1, '0'),
(282, NULL, 'spectabilis', 282, 165, '', 1, '0'),
(283, NULL, 'curranii', 283, 166, '', 1, '0'),
(284, NULL, 'astronioides', 284, 159, '', 1, '0'),
(285, NULL, 'operculatus', 285, 166, '', 1, '0'),
(286, NULL, 'paniculata', 286, 167, '', 1, '0'),
(287, NULL, 'indica', 287, 168, '', 1, '0'),
(288, NULL, 'guineense', 288, 169, '', 1, '0'),
(289, NULL, 'calamansanai', 289, 170, '', 1, '0'),
(290, NULL, 'brachiata', 290, 171, '', 1, '0'),
(291, NULL, 'claviflorum', 291, 166, '', 1, '0'),
(292, NULL, 'alcalae', 292, 172, '', 1, '0'),
(293, NULL, 'fuliginosa', 293, 173, '', 1, '0'),
(294, NULL, 'malabathricum', 294, 174, '', 1, '0'),
(295, NULL, 'respandus', 295, 175, '', 1, '0'),
(296, NULL, 'polycephaloides', 296, 166, '', 1, '0'),
(297, NULL, 'leucadendra', 297, 176, '', 1, '0'),
(298, NULL, 'quinquangulata', 298, 177, '', 1, '0'),
(299, NULL, 'tenuipes', 299, 166, '', 1, '0'),
(300, NULL, 'conglobatum', 300, 166, '', 1, '0'),
(301, NULL, 'palmatus', 301, 178, '', 1, '0'),
(302, NULL, 'obliquum', 302, 179, '', 1, '0'),
(303, NULL, 'microcarpa', 303, 170, '', 1, '0'),
(304, NULL, 'alvarezii', 304, 166, '', 1, '0'),
(305, NULL, 'javanica', 305, 180, '', 1, '0'),
(306, NULL, 'subcrenata', 306, 181, '', 1, '0'),
(307, NULL, 'odorata', 307, 182, '', 1, '0'),
(308, NULL, 'macrocarpa', 308, 183, '', 1, '0'),
(309, NULL, 'quadrialatus', 309, 184, '', 1, '0'),
(310, NULL, 'angusta', 310, 185, '', 1, '0'),
(311, NULL, 'robertii', 311, 166, '', 1, '0'),
(312, NULL, 'sumatrana', 312, 172, '', 1, '0'),
(313, NULL, 'nitens', 313, 170, '', 1, '0'),
(314, NULL, 'racemosa', 314, 186, '', 1, '0'),
(315, NULL, 'paniculatum', 315, 187, '', 1, '0'),
(316, NULL, 'lanceolatum', 316, 187, '', 1, '0'),
(317, NULL, 'cumingii', 317, 188, '', 1, '0'),
(318, NULL, 'calcicolum', 318, 166, '', 1, '0'),
(319, NULL, 'arcuatinervius', 319, 189, '', 1, '0'),
(320, NULL, 'philippinensis', 320, 166, '', 1, '0'),
(321, NULL, 'diversifolium', 321, 179, '', 1, '0'),
(322, NULL, 'cumini', 322, 166, '', 1, '0'),
(323, NULL, 'ramiflora', 323, 159, '', 1, '0'),
(324, NULL, 'cucumerina', 324, 177, '', 1, '0'),
(325, NULL, 'myrtiformis', 325, 159, '', 1, '0'),
(326, NULL, 'sylvatica', 326, 180, '', 1, '0'),
(327, NULL, 'granatum', 327, 190, '', 1, '0'),
(328, NULL, 'calycina', 328, 191, '', 1, '0'),
(329, NULL, 'coccinea', 329, 192, '', 1, '0'),
(330, NULL, 'roseomarginatum', 330, 166, '', 1, '0'),
(331, NULL, 'villosus', 331, 193, '', 1, '0'),
(332, NULL, 'ovata', 332, 194, '', 1, '0'),
(333, NULL, 'triflora', 333, 195, '', 1, '0'),
(334, NULL, 'pleuricum', 334, 196, '', 1, '0'),
(335, NULL, 'philippinensis', 335, 197, '', 1, '0'),
(336, NULL, 'rimosa', 336, 182, '', 1, '0'),
(337, NULL, 'foetidissima', 337, 170, '', 1, '0'),
(338, NULL, 'xanthophyllum', 338, 166, '', 1, '0'),
(339, NULL, 'nitidum', 339, 166, '', 1, '0'),
(340, NULL, 'longiflorum', 340, 198, '', 1, '0'),
(341, NULL, 'populneus', 341, 199, '', 1, '0'),
(342, NULL, 'aculeata', 342, 197, '', 1, '0'),
(343, NULL, 'quadrifida', 343, 197, '', 1, '0'),
(344, NULL, 'stylocarpa', 344, 200, '', 1, '0'),
(345, NULL, 'multiflora', 345, 159, '', 1, '0'),
(346, NULL, 'pendula', 346, 159, '', 1, '0'),
(347, NULL, 'polystachya', 347, 201, '', 1, '0'),
(348, NULL, 'arborescens', 348, 202, '', 1, '0'),
(349, NULL, 'densinervium', 349, 166, '', 1, '0'),
(350, NULL, 'cubili', 350, 203, '', 1, '0'),
(351, NULL, 'arborea', 351, 204, '', 1, '0'),
(352, NULL, 'saltiana', 352, 205, '', 1, '0'),
(353, NULL, 'stipularis', 353, 206, '', 1, '0'),
(354, NULL, 'tomentosa', 354, 206, '', 1, '0'),
(355, NULL, 'glauca', 355, 206, '', 1, '0'),
(356, NULL, 'penangiana', 356, 206, '', 1, '0'),
(357, NULL, 'javanica', 357, 207, '', 1, '0'),
(358, NULL, 'alvarezii', 358, 208, '', 1, '0'),
(359, NULL, 'ghaesembilla', 359, 196, '', 1, '0'),
(360, NULL, 'spicatum', 360, 196, '', 1, '0'),
(361, NULL, 'pentandrum', 361, 196, '', 1, '0'),
(362, NULL, 'bunius', 362, 196, '', 1, '0'),
(363, NULL, 'urinaria', 363, 209, '', 1, '0'),
(364, NULL, 'debilis', 364, 209, '', 1, '0'),
(365, NULL, 'virgatus', 365, 209, '', 1, '0'),
(366, NULL, 'album', 366, 210, '', 1, '0'),
(367, NULL, 'philippicum', 367, 210, '', 1, '0'),
(368, NULL, 'luzonense', 368, 210, '', 1, '0'),
(369, NULL, 'urophylloides', 369, 210, '', 1, '0'),
(370, NULL, 'triandrum', 370, 210, '', 1, '0'),
(371, NULL, 'trichogynum', 371, 210, '', 1, '0'),
(372, NULL, 'williamsii', 372, 210, '', 1, '0'),
(373, NULL, 'merrillii', 373, 210, '', 1, '0'),
(374, NULL, 'rubrum', 374, 210, '', 1, '0'),
(375, NULL, 'littoralis', 375, 181, '', 1, '0'),
(376, NULL, 'grandifolia', 376, 181, '', 1, '0'),
(377, NULL, 'maquilingensis', 377, 181, '', 1, '0'),
(378, NULL, 'cernua', 378, 161, '', 1, '0'),
(379, NULL, 'vitisidaea', 379, 161, '', 1, '0'),
(380, NULL, '', 380, 211, '', 1, '0'),
(381, NULL, 'millii', 381, 163, '', 1, '0'),
(382, NULL, 'pulcherrima', 382, 163, '', 1, '0'),
(383, NULL, 'tirucalli', 383, 163, '', 1, '0'),
(384, NULL, 'hirta', 384, 163, '', 1, '0'),
(385, NULL, 'thymifolia', 385, 163, '', 1, '0'),
(386, NULL, 'tithymaloides', 386, 212, '', 1, '0'),
(387, NULL, 'tiglium', 387, 213, '', 1, '0'),
(388, NULL, 'leiophyllus', 388, 213, '', 1, '0'),
(389, NULL, 'consaguineus', 389, 213, '', 1, '0'),
(390, NULL, 'spinosum', 390, 214, '', 1, '0'),
(391, NULL, 'gossypifolia', 391, 215, '', 1, '0'),
(392, NULL, 'multifida', 392, 215, '', 1, '0'),
(393, NULL, 'moluccana', 393, 216, '', 1, '0'),
(394, NULL, 'luzoniensis', 394, 217, '', 1, '0'),
(395, NULL, 'denticulatus', 395, 217, '', 1, '0'),
(396, NULL, 'luzonicum', 396, 218, '', 1, '0'),
(397, NULL, 'philippinensis', 397, 219, '', 1, '0'),
(398, NULL, 'longipes', 398, 219, '', 1, '0'),
(399, NULL, 'peltatum', 399, 220, '', 1, '0'),
(400, NULL, 'cochinchinensis', 400, 221, '', 1, '0'),
(401, NULL, 'luzonicum', 401, 222, '', 1, '0'),
(402, NULL, 'bracteata', 402, 223, '', 1, '0'),
(403, NULL, 'glaziovii', 403, 224, '', 1, '0'),
(404, NULL, 'crepitans', 404, 225, '', 1, '0'),
(405, NULL, 'paniculatus', 405, 226, '', 1, '0'),
(406, NULL, 'alpinus', 406, 199, '', 1, '0'),
(407, NULL, 'caturus', 407, 227, '', 1, '0'),
(408, NULL, 'amentacea', 408, 227, '', 1, '0'),
(409, NULL, 'rugosa', 409, 228, '', 1, '0'),
(410, NULL, 'sicca', 410, 228, '', 1, '0'),
(411, NULL, 'cumingii', 411, 229, '', 1, '0'),
(412, NULL, 'riparia', 412, 230, '', 1, '0'),
(413, NULL, 'multiglandulosa', 413, 231, '', 1, '0'),
(414, NULL, 'philippinensis', 414, 175, '', 1, '0'),
(415, NULL, 'resinosus', 415, 175, '', 1, '0'),
(416, NULL, 'mollissimus', 416, 175, '', 1, '0'),
(417, NULL, 'dispar', 417, 175, '', 1, '0'),
(418, NULL, 'repandus', 418, 175, '', 1, '0'),
(419, NULL, 'albicans', 419, 232, '', 1, '0'),
(420, NULL, 'grandifolia', 420, 233, '', 1, '0'),
(421, NULL, 'sinensis', 421, 233, '', 1, '0'),
(422, NULL, 'tanarius', 422, 233, '', 1, '0'),
(423, NULL, 'bicolor', 423, 233, '', 1, '0'),
(424, NULL, 'spiciflorum', 424, 234, '', 1, '0'),
(425, NULL, 'triphylla', 425, 235, '', 1, '0'),
(426, NULL, '', 426, 236, '', 1, '0'),
(427, NULL, 'confusa', 427, 237, '', 1, '0'),
(428, NULL, 'retusa', 428, 237, '', 1, '0'),
(429, NULL, 'semecarpifolia', 429, 237, '', 1, '0'),
(430, NULL, 'asiatica', 430, 238, '', 1, '0'),
(431, NULL, 'longipedunculata', 431, 239, '', 1, '0'),
(432, NULL, 'amara', 432, 240, '', 1, '0'),
(433, NULL, 'anisumolens', 433, 241, '', 1, '0'),
(434, NULL, 'hystrix', 434, 242, '', 1, '0'),
(435, NULL, 'rhetsa', 435, 243, '', 1, '0'),
(436, NULL, 'integrifoliolum', 436, 243, '', 1, '0'),
(437, NULL, 'floribunda', 437, 244, '', 1, '0'),
(438, NULL, 'hirsutum', 438, 245, '', 1, '0'),
(439, NULL, 'asperum', 439, 245, '', 1, '0'),
(440, NULL, 'ovatum', 440, 245, '', 1, '0'),
(441, NULL, 'azedarach', 441, 246, '', 1, '0'),
(442, NULL, 'dubia', 442, 246, '', 1, '0'),
(443, NULL, 'odorata', 443, 247, '', 1, '0'),
(444, NULL, 'argentea', 444, 182, '', 1, '0'),
(445, NULL, 'elliptica', 445, 182, '', 1, '0'),
(446, NULL, 'edulis', 446, 182, '', 1, '0'),
(447, NULL, 'pentandrus', 447, 248, '', 1, '0'),
(448, NULL, 'cumingianus', 448, 248, '', 1, '0'),
(449, NULL, 'patens', 449, 248, '', 1, '0'),
(450, NULL, 'cumingianum', 450, 202, '', 1, '0'),
(451, NULL, 'gaudichaudianum', 451, 202, '', 1, '0'),
(452, NULL, 'pauciflorum', 452, 202, '', 1, '0'),
(453, NULL, 'mollissimum', 453, 202, '', 1, '0'),
(454, NULL, 'oppositifolium', 454, 202, '', 1, '0'),
(455, NULL, 'excelsum', 455, 202, '', 1, '0'),
(456, NULL, 'coccigera', 456, 249, '', 1, '0'),
(457, NULL, 'glabra', 457, 249, '', 1, '0'),
(458, NULL, 'luzonica', 458, 250, '', 1, '0'),
(459, NULL, 'elliptica', 459, 251, '', 1, '0'),
(460, NULL, 'excelsum', 460, 252, '', 1, '0'),
(461, NULL, 'corymbosa', 461, 253, '', 1, '0'),
(462, NULL, 'cylindrica', 462, 254, '', 1, '0'),
(463, NULL, 'altissima', 463, 255, '', 1, '0'),
(464, NULL, 'caesia', 464, 255, '', 1, '0'),
(465, NULL, 'nitida', 465, 256, '', 1, '0'),
(466, NULL, 'arborescens', 466, 256, '', 1, '0'),
(467, NULL, 'trachyphylla', 467, 257, '', 1, '0'),
(468, NULL, 'longifolius', 468, 258, '', 1, '0'),
(469, NULL, 'glauciphyllus', 469, 258, '', 1, '0'),
(470, NULL, 'philippinensis', 470, 258, '', 1, '0'),
(471, NULL, 'terebinthifolia', 471, 259, '', 1, '0'),
(472, NULL, 'pinnatum', 472, 260, '', 1, '0'),
(473, NULL, 'dao', 473, 261, '', 1, '0'),
(474, NULL, 'edule', 474, 261, '', 1, '0'),
(475, NULL, 'philippinensis', 475, 262, '', 1, '0'),
(476, NULL, 'pinnata', 476, 262, '', 1, '0'),
(477, NULL, 'laurinum', 477, 263, '', 1, '0'),
(478, NULL, 'dimorphus', 478, 264, '', 1, '0'),
(479, NULL, 'filiger', 479, 264, '', 1, '0'),
(480, NULL, 'grossedentatus', 480, 264, '', 1, '0'),
(481, NULL, 'macrostachys', 481, 264, '', 1, '0'),
(482, NULL, 'saponaria', 482, 265, '', 1, '0'),
(483, NULL, 'fruticosa', 483, 266, '', 1, '0'),
(484, NULL, 'ramboutanake', 484, 267, '', 1, '0'),
(485, NULL, 'tetraphylla', 485, 268, '', 1, '0'),
(486, NULL, 'philippinensis', 486, 269, '', 1, '0'),
(487, NULL, 'koelreuteria', 487, 270, '', 1, '0'),
(488, NULL, 'litoralis', 488, 271, '', 1, '0'),
(489, NULL, 'perrottetii', 489, 272, '', 1, '0'),
(490, NULL, 'sundaicus', 490, 273, '', 1, '0'),
(491, NULL, 'pentapetalus', 491, 273, '', 1, '0'),
(492, NULL, 'verrucosa', 492, 274, '', 1, '0'),
(493, NULL, 'pinnata', 493, 275, '', 1, '0'),
(494, NULL, 'balsamina', 494, 276, '', 1, '0'),
(495, NULL, 'javanicum', 495, 277, '', 1, '0'),
(496, NULL, 'alpestris', 496, 278, '', 1, '0'),
(497, NULL, 'grahamii', 497, 279, '', 1, '0'),
(498, NULL, 'celastrineus', 498, 280, '', 1, '0'),
(499, NULL, 'pomifera', 499, 281, '', 1, '0'),
(500, NULL, 'luzoniensis', 500, 282, '', 1, '0'),
(501, NULL, 'calleryanum', 501, 283, '', 1, '0'),
(502, NULL, 'philippinensis', 502, 284, '', 1, '0'),
(503, NULL, 'macrophylla', 503, 285, '', 1, '0'),
(504, NULL, 'cumingiana', 504, 286, '', 1, '0'),
(505, NULL, 'talanai', 505, 286, '', 1, '0'),
(506, NULL, 'oblongifolia', 506, 287, '', 1, '0'),
(507, NULL, 'dichotoma', 507, 287, '', 1, '0'),
(508, NULL, 'loheri', 508, 288, '', 1, '0'),
(509, NULL, 'guineensis', 509, 197, '', 1, '0'),
(510, NULL, 'argenteus', 510, 289, '', 1, '0'),
(511, NULL, 'monpocera', 511, 289, '', 1, '0'),
(512, NULL, 'macranthus', 512, 289, '', 1, '0'),
(513, NULL, 'calomala', 513, 289, '', 1, '0'),
(514, NULL, 'cumingii', 514, 289, '', 1, '0'),
(515, NULL, 'ramiflorus', 515, 289, '', 1, '0'),
(516, NULL, 'pendulus', 516, 289, '', 1, '0'),
(517, NULL, 'rolfei', 517, 290, '', 1, '0'),
(518, NULL, 'glabrescens', 518, 291, '', 1, '0'),
(519, NULL, 'umbellata', 519, 292, '', 1, '0'),
(520, NULL, 'citrinus', 520, 293, '', 1, '0'),
(521, NULL, 'uniflora', 521, 294, '', 1, '0'),
(522, NULL, 'guianensis', 522, 295, '', 1, '0'),
(523, NULL, 'pallidum', 523, 166, '', 1, '0'),
(524, NULL, 'cumingii', 524, 187, '', 1, '0'),
(525, NULL, 'bataanense', 525, 166, '', 1, '0'),
(526, NULL, 'tripinnatum', 526, 166, '', 1, '0'),
(527, NULL, 'candolleana', 527, 157, '', 1, '0'),
(528, NULL, 'nigritarum', 528, 188, '', 1, '0'),
(529, NULL, 'malaccense', 529, 166, '', 1, '0'),
(530, NULL, 'pentandra', 530, 296, '', 1, '0'),
(531, NULL, 'hospita', 531, 297, '', 1, '0'),
(532, NULL, 'calubcob', 532, 166, '', 1, '0'),
(533, NULL, 'pellucida', 533, 170, '', 1, '0'),
(534, NULL, 'myrtifolius', 534, 209, '', 1, '0'),
(535, NULL, 'trivalvis', 535, 173, '', 1, '0'),
(536, NULL, 'javanicum', 536, 198, '', 1, '0'),
(537, NULL, 'citrina', 537, 170, '', 1, '0'),
(538, NULL, 'acutangula', 538, 186, '', 1, '0'),
(539, NULL, 'meyeri', 539, 157, '', 1, '0'),
(540, NULL, 'bengalensis', 540, 298, '', 1, '0'),
(541, NULL, 'cordata', 541, 159, '', 1, '0'),
(542, NULL, 'mananquil', 542, 166, '', 1, '0'),
(543, NULL, 'zibethinus', 543, 299, '', 1, '0'),
(544, NULL, 'fruticosum', 544, 300, '', 1, '0'),
(545, NULL, 'hymenaea', 545, 301, '', 1, '0'),
(546, NULL, 'indica', 546, 302, '', 1, '0'),
(547, NULL, 'platanifolia', 547, 303, '', 1, '0'),
(548, NULL, 'fairchildiana', 548, 304, '', 1, '0'),
(549, NULL, 'longifolia', 549, 181, '', 1, '0'),
(550, NULL, 'reinwardtiana', 550, 163, '', 1, '0'),
(551, NULL, 'fastuosus', 551, 199, '', 1, '0'),
(552, NULL, 'ternata', 552, 237, '', 1, '0'),
(553, NULL, 'villamilii', 553, 182, '', 1, '0'),
(554, NULL, 'mombin', 554, 262, '', 1, '0'),
(555, NULL, 'reticulatus', 555, 209, '', 1, '0'),
(556, NULL, 'parviflora', 556, 109, '', 1, '0'),
(557, NULL, 'acuminatissima', 557, 305, '', 1, '0'),
(558, NULL, 'quadrifolia', 558, 159, '', 1, '0'),
(559, NULL, 'meyeniana', 559, 194, '', 1, '0'),
(560, NULL, 'rolfei', 560, 157, '', 1, '0'),
(561, NULL, 'chinense', 561, 198, '', 1, '0'),
(562, NULL, 'simile', 562, 166, '', 1, '0'),
(563, NULL, 'polyanthum', 563, 166, '', 1, '0'),
(564, NULL, 'sumatrana', 564, 306, '', 1, '0'),
(565, NULL, 'wallichii', 565, 307, '', 1, '0'),
(566, NULL, 'brasiliensis', 566, 308, '', 1, '0'),
(567, NULL, 'merrittii', 567, 159, '', 1, '0'),
(568, NULL, 'asiatica', 568, 186, '', 1, '0'),
(569, NULL, 'crassipes', 569, 166, '', 1, '0'),
(570, NULL, 'timoriense', 570, 309, '', 1, '0'),
(571, NULL, 'pustulata', 571, 310, '', 1, '0'),
(572, NULL, 'bordenii', 572, 166, '', 1, '0'),
(573, NULL, 'heterophylla', 573, 311, '', 1, '0'),
(574, NULL, 'pulchra', 574, 157, '', 1, '0'),
(575, NULL, 'whitfordii', 575, 166, '', 1, '0'),
(576, NULL, 'niveum', 576, 179, '', 1, '0'),
(577, NULL, 'philippinensis', 577, 14, '', 1, '0'),
(578, NULL, 'maculata', 578, 312, '', 1, '0'),
(579, NULL, 'mariannus', 579, 313, '', 1, '0'),
(580, NULL, 'brachyotis', 580, 314, '', 1, '0'),
(581, NULL, 'aequata', 581, 188, '', 1, '0'),
(582, NULL, 'reticulata', 582, 315, '', 1, '0'),
(583, NULL, 'hypericifolia', 583, 163, '', 1, '0'),
(584, NULL, 'prostrata', 584, 163, '', 1, '0'),
(585, NULL, 'pulchella', 585, 316, '', 1, '0'),
(586, NULL, 'florida', 586, 317, '', 1, '0'),
(587, NULL, 'subsesiliflora', 587, 2, '', 1, '0'),
(588, NULL, '', 588, 318, '', 1, '0'),
(589, NULL, 'montanus', 589, 319, '', 1, '0'),
(590, NULL, 'erythrogonys', 590, 320, '', 1, '0'),
(591, NULL, 'leucotis', 591, 321, '', 1, '0'),
(592, NULL, 'luzonica', 592, 322, '', 1, '0'),
(593, NULL, 'philippensis', 593, 323, '', 1, '0'),
(594, NULL, 'superciolosus', 594, 324, '', 1, '0'),
(595, NULL, 'megalotis', 595, 325, '', 1, '0'),
(596, NULL, 'lindsayi', 596, 326, '', 1, '0'),
(597, NULL, 'cyanopectus', 597, 327, '', 1, '0'),
(598, NULL, 'manillae', 598, 328, '', 1, '0'),
(599, NULL, 'maculatus', 599, 329, '', 1, '0'),
(600, NULL, 'balicassius', 600, 330, '', 1, '0'),
(601, NULL, 'philippinus', 601, 331, '', 1, '0'),
(602, NULL, 'urostictus', 602, 332, '', 1, '0'),
(603, NULL, 'derbianus', 603, 333, '', 1, '0'),
(604, NULL, 'luzoniensis', 604, 334, '', 1, '0'),
(605, NULL, 'cyaniceps', 605, 335, '', 1, '0'),
(606, NULL, 'philippinensis', 606, 336, '', 1, '0'),
(607, NULL, 'elegans', 607, 337, '', 1, '0'),
(608, NULL, 'pygmaeum', 608, 338, '', 1, '0'),
(609, NULL, 'cancrivora', 609, 339, '', 1, '0'),
(610, NULL, 'everetti', 610, 339, '', 1, '0'),
(611, NULL, 'erythraea', 611, 339, '', 1, '0'),
(612, NULL, 'limnocharis', 612, 339, '', 1, '0'),
(613, NULL, 'magna', 613, 339, '', 1, '0'),
(614, NULL, 'signata', 614, 339, '', 1, '0'),
(615, NULL, 'woodwirthi', 615, 339, '', 1, '0'),
(616, NULL, 'corrugatus', 616, 340, '', 1, '0'),
(617, NULL, 'dorsalis', 617, 340, '', 1, '0'),
(618, NULL, 'laevis', 618, 341, '', 1, '0'),
(619, NULL, 'leucomystax', 619, 342, '', 1, '0'),
(620, NULL, 'pardalis', 620, 343, '', 1, '0'),
(621, NULL, 'surdus', 621, 344, '', 1, '0'),
(622, NULL, 'baleata', 622, 345, '', 1, '0'),
(623, NULL, 'picta', 623, 345, '', 1, '0'),
(624, NULL, 'marinus', 624, 346, '', 1, '0'),
(625, NULL, 'spasma', 625, 347, '', 1, '0'),
(626, NULL, 'manillana', 626, 348, '', 1, '0'),
(627, NULL, 'phillipense', 627, 29, '', 1, '0'),
(628, NULL, 'cumingiana', 628, 157, '', 1, '0'),
(629, NULL, 'nota', 629, 349, '', 1, '0'),
(630, NULL, 'meyeniana', 630, 350, '', 1, '0'),
(631, NULL, 'cumingii', 631, 175, '', 1, '0'),
(632, NULL, 'vidalii', 632, 351, '', 1, '0'),
(633, NULL, 'insignis', 633, 352, '', 1, '0'),
(634, NULL, 'septica', 634, 349, '', 1, '0'),
(635, NULL, 'congesta', 635, 349, '', 1, '0'),
(636, NULL, 'myrtoides', 636, 41, '', 1, '0'),
(637, NULL, 'stenophylla', 637, 353, '', 1, '0'),
(638, NULL, 'euphlebium', 638, 202, '', 1, '0'),
(639, NULL, 'crenata', 639, 354, '', 1, '0'),
(640, NULL, 'maquilingensis', 640, 166, '', 1, '0'),
(641, NULL, 'simiarum', 641, 355, '', 1, '0'),
(642, NULL, 'candollii', 642, 356, '', 1, '0'),
(643, NULL, 'ovatifolia', 643, 281, '', 1, '0'),
(644, NULL, 'lanceolata', 644, 33, '', 1, '0'),
(645, NULL, 'crenulata', 645, 357, '', 1, '0'),
(646, NULL, 'reifferscheidia', 646, 358, '', 1, '0'),
(647, NULL, 'luzoniensis', 647, 359, '', 1, '0'),
(648, NULL, 'latibractea', 648, 360, '', 1, '0'),
(649, NULL, 'pinnata', 649, 353, '', 1, '0'),
(650, NULL, 'pinnata', 650, 361, '', 1, '0'),
(651, NULL, 'suaveolens', 651, 362, '', 1, '0'),
(652, NULL, 'sancta', 652, 363, '', 1, '0'),
(653, NULL, 'garciae', 653, 364, '', 1, '0'),
(654, NULL, 'ovale', 654, 365, '', 1, '0'),
(655, NULL, 'buddii', 655, 365, '', 1, '0'),
(656, NULL, 'amuyon', 656, 366, '', 1, '0'),
(657, NULL, 'cordatula', 657, 349, '', 1, '0'),
(658, NULL, 'ampelas', 658, 349, '', 1, '0'),
(659, NULL, 'confusa', 659, 367, '', 1, '0'),
(660, NULL, 'javanicus', 660, 368, '', 1, '0'),
(661, NULL, 'divaricata', 661, 369, '', 1, '0'),
(662, NULL, 'acutiflora', 662, 370, '', 1, '0'),
(663, NULL, 'philippinensis', 663, 358, '', 1, '0'),
(664, NULL, 'laurifolia', 664, 371, '', 1, '0'),
(665, NULL, 'clementis', 665, 45, '', 1, '0'),
(666, NULL, 'clypearia', 666, 372, '', 1, '0'),
(667, NULL, 'cumingii', 667, 196, '', 1, '0'),
(668, NULL, 'flabellatum', 668, 373, '', 1, '0'),
(669, NULL, 'caudatum', 669, 373, '', 1, '0'),
(670, NULL, 'flabellulatum', 670, 373, '', 1, '0'),
(671, NULL, 'cuneatum', 671, 374, '', 1, '0'),
(672, NULL, 'nidus', 672, 374, '', 1, '0'),
(673, NULL, 'scandens', 673, 374, '', 1, '0'),
(674, NULL, 'tenerum', 674, 374, '', 1, '0'),
(675, NULL, 'contaminans', 675, 374, '', 1, '0'),
(676, NULL, 'hymenophylloides', 676, 375, '', 1, '0'),
(677, NULL, 'repens', 677, 375, '', 1, '0'),
(678, NULL, 'solida', 678, 375, '', 1, '0'),
(679, NULL, 'sparsa', 679, 376, '', 1, '0'),
(680, NULL, 'decurrens', 680, 354, '', 1, '0'),
(681, NULL, 'maximum', 681, 377, '', 1, '0'),
(682, NULL, 'pteroides', 682, 378, '', 1, '0'),
(683, NULL, 'cernua', 683, 379, '', 1, '0'),
(684, NULL, 'palmiformis', 684, 380, '', 1, '0'),
(685, NULL, 'pellucida', 685, 381, '', 1, '0'),
(686, NULL, 'biserrata', 686, 382, '', 1, '0'),
(687, NULL, 'splendens', 687, 383, '', 1, '0'),
(688, NULL, 'lagunensis', 688, 384, '', 1, '0'),
(689, NULL, 'quercifolia', 689, 385, '', 1, '0'),
(690, NULL, 'scolopendriodes', 690, 386, '', 1, '0'),
(691, NULL, 'longissimum', 691, 387, '', 1, '0'),
(692, NULL, 'calomelanos', 692, 388, '', 1, '0'),
(693, NULL, 'ensiformis', 693, 389, '', 1, '0'),
(694, NULL, 'cupressina', 694, 390, '', 1, '0'),
(695, NULL, 'nitidula', 695, 391, '', 1, '0'),
(696, NULL, 'laevis', 696, 391, '', 1, '0'),
(697, NULL, 'sessilifolium', 697, 392, '', 1, '0'),
(698, NULL, 'williamsii', 698, 392, '', 1, '0'),
(699, NULL, 'philippinense', 699, 393, '', 1, '0'),
(700, NULL, 'portei', 700, 394, '', 1, '0'),
(701, NULL, 'zebrina', 701, 394, '', 1, '0'),
(702, NULL, 'lobbianum', 702, 395, '', 1, '0'),
(703, NULL, 'acuminata', 703, 396, '', 1, '0'),
(704, NULL, 'pinnata', 704, 396, '', 1, '0'),
(705, NULL, 'stenophylla', 705, 396, '', 1, '0'),
(706, NULL, 'latifolia', 706, 397, '', 1, '0'),
(707, NULL, 'curranii', 707, 398, '', 1, '0'),
(708, NULL, 'pictus', 708, 398, '', 1, '0'),
(709, NULL, 'microcarpus', 709, 399, '', 1, '0'),
(710, NULL, 'philippinensis', 710, 352, '', 1, '0'),
(711, NULL, 'hispida', 711, 400, '', 1, '0'),
(712, NULL, 'secundifolia', 712, 401, '', 1, '0'),
(713, NULL, 'sensile', 713, 402, '', 1, '0'),
(714, NULL, 'longirachis', 714, 403, '', 1, '0'),
(715, NULL, 'veratrifolia', 715, 404, '', 1, '0'),
(716, NULL, 'luzonensis', 716, 405, '', 1, '0'),
(717, NULL, 'tenellum', 717, 406, '', 1, '0'),
(718, NULL, 'elmeri', 718, 407, '', 1, '0'),
(719, NULL, 'acuminata', 719, 408, '', 1, '0'),
(720, NULL, 'robusta', 720, 409, '', 1, '0'),
(721, NULL, 'sphaerocephala', 721, 409, '', 1, '0'),
(723, NULL, 'luzonensis', 723, 411, '', 1, '0'),
(724, NULL, 'sabotan', 724, 411, '', 1, '0'),
(725, NULL, 'luconiae', 725, 370, '', 1, '0'),
(726, NULL, 'manillensis', 726, 2, '', 1, '0'),
(727, NULL, 'bracteata', 727, 81, '', 1, '0'),
(728, NULL, 'sanguinea', 728, 412, '', 1, '0');

-- --------------------------------------------------------

--
-- Table structure for table `species_author`
--

CREATE TABLE IF NOT EXISTS `species_author` (
  `species_Author_id` int(11) NOT NULL AUTO_INCREMENT,
  `scientificname_author` varchar(255) DEFAULT NULL,
  `species_taxon_id` int(11) NOT NULL,
  PRIMARY KEY (`species_Author_id`)
) ENGINE=InnoDB  DEFAULT CHARSET=latin1 AUTO_INCREMENT=729 ;

--
-- Dumping data for table `species_author`
--

INSERT INTO `species_author` (`species_Author_id`, `scientificname_author`, `species_taxon_id`) VALUES
(1, '-', 1),
(2, '-', 2),
(3, '-', 3),
(4, '-', 4),
(5, '-', 5),
(6, '-', 6),
(7, '-', 7),
(8, '-', 8),
(9, '-', 9),
(10, '-', 10),
(11, '-', 11),
(12, '-', 14),
(15, '-', 17),
(17, '-', 19),
(18, '-', 20),
(19, '-', 21),
(20, '-', 22),
(21, '-', 23),
(22, '-', 24),
(23, '-', 25),
(24, '-', 26),
(25, '-', 27),
(26, '-', 28),
(27, '-', 29),
(28, '-', 30),
(29, '-', 31),
(30, '-', 32),
(31, '-', 33),
(32, '-', 34),
(33, '-', 35),
(34, '-', 36),
(35, '-', 37),
(36, '-', 38),
(37, '-', 39),
(38, '-', 40),
(39, '-', 41),
(40, '-', 42),
(41, '-', 43),
(42, '-', 44),
(43, '-', 45),
(44, '-', 46),
(45, '-', 47),
(46, '-', 48),
(47, '-', 49),
(48, '-', 50),
(49, '-', 51),
(50, '-', 52),
(51, '-', 53),
(52, '-', 54),
(53, '-', 55),
(54, '-', 56),
(55, '-', 57),
(56, '-', 58),
(57, '-', 59),
(58, '-', 60),
(59, '-', 61),
(60, '-', 62),
(61, '-', 63),
(62, '-', 64),
(63, '-', 65),
(64, '-', 66),
(65, '-', 67),
(66, '-', 68),
(67, '-', 69),
(68, '-', 70),
(69, '-', 71),
(70, '-', 72),
(71, '-', 73),
(72, '-', 74),
(73, '-', 75),
(74, '-', 76),
(75, '-', 77),
(76, '-', 78),
(77, '-', 79),
(78, '-', 80),
(79, '-', 81),
(80, '-', 82),
(81, '-', 84),
(82, '-', 85),
(83, '-', 86),
(84, '-', 87),
(85, '-', 88),
(86, '-', 89),
(87, '-', 90),
(88, '-', 91),
(89, '-', 92),
(90, '-', 93),
(91, '-', 94),
(92, '-', 95),
(93, '-', 96),
(94, '-', 97),
(95, '-', 98),
(96, '-', 99),
(97, '-', 100),
(98, '-', 101),
(99, '-', 102),
(100, '-', 103),
(101, '-', 104),
(102, '-', 105),
(103, '-', 106),
(104, '-', 107),
(105, '-', 108),
(106, '-', 109),
(107, '-', 110),
(108, '-', 111),
(109, '-', 112),
(110, '-', 113),
(111, '-', 114),
(112, '-', 115),
(113, '-', 116),
(114, '-', 117),
(115, '-', 118),
(116, '-', 119),
(117, '-', 120),
(118, '-', 121),
(119, '-', 122),
(120, '-', 123),
(121, '-', 124),
(122, '-', 125),
(123, '-', 126),
(124, '-', 127),
(125, '-', 128),
(126, '-', 129),
(127, '-', 130),
(128, '-', 131),
(130, '-', 133),
(131, '-', 134),
(132, '-', 135),
(133, '-', 136),
(134, '-', 137),
(135, '-', 138),
(137, '-', 140),
(138, '-', 141),
(139, '-', 142),
(140, '-', 143),
(141, '-', 144),
(142, '-', 145),
(143, '-', 146),
(144, '-', 147),
(145, '-', 148),
(146, '-', 149),
(147, '-', 150),
(148, '-', 151),
(149, '-', 152),
(150, '-', 153),
(151, '-', 154),
(152, '-', 155),
(153, '-', 156),
(154, '-', 157),
(156, '-', 159),
(157, '-', 160),
(158, '-', 161),
(159, '-', 162),
(160, '-', 163),
(161, '-', 164),
(162, '-', 165),
(165, '-', 168),
(166, '-', 169),
(167, '-', 170),
(168, '-', 171),
(169, '-', 172),
(170, '-', 173),
(171, '-', 174),
(172, '-', 175),
(173, '-', 176),
(174, '-', 177),
(176, '-', 179),
(177, '-', 180),
(178, '-', 181),
(179, '-', 182),
(180, '-', 183),
(181, '-', 184),
(182, '-', 185),
(183, '-', 186),
(184, '-', 187),
(185, '-', 188),
(186, '-', 189),
(187, '-', 190),
(188, '-', 191),
(189, '-', 192),
(190, '-', 193),
(191, '-', 194),
(192, '-', 195),
(193, '-', 196),
(194, '-', 197),
(195, '-', 198),
(196, '-', 199),
(197, '-', 200),
(198, '-', 201),
(199, '-', 202),
(200, '-', 203),
(201, '-', 204),
(202, '-', 205),
(203, '-', 206),
(204, '-', 207),
(205, '-', 208),
(206, '-', 209),
(207, '-', 210),
(208, '-', 211),
(209, '-', 212),
(210, '-', 213),
(211, '-', 214),
(212, '-', 215),
(213, '-', 216),
(214, '-', 217),
(215, '-', 218),
(216, '-', 219),
(217, '-', 220),
(218, '-', 221),
(219, '-', 222),
(220, '-', 223),
(221, '-', 224),
(222, '-', 225),
(223, '-', 226),
(224, '-', 227),
(225, '-', 228),
(226, '-', 229),
(227, '-', 230),
(228, '-', 231),
(229, '-', 232),
(230, '-', 233),
(231, '-', 234),
(232, '-', 235),
(233, '-', 236),
(234, '-', 237),
(235, '-', 238),
(236, '-', 239),
(237, '-', 240),
(238, '-', 241),
(239, '-', 242),
(240, '-', 243),
(241, '-', 244),
(242, '-', 245),
(243, '-', 246),
(244, '-', 247),
(245, '-', 248),
(246, '-', 249),
(247, '-', 250),
(248, '-', 251),
(249, '-', 252),
(250, '-', 253),
(251, '-', 254),
(252, '-', 255),
(253, '-', 256),
(254, '-', 257),
(255, '-', 258),
(256, '-', 259),
(257, '-', 260),
(258, '-', 261),
(259, '-', 262),
(260, '-', 263),
(261, '-', 264),
(262, '-', 265),
(263, '-', 266),
(264, '-', 267),
(265, '-', 268),
(266, '-', 269),
(267, '-', 270),
(268, '-', 271),
(269, '-', 272),
(270, '-', 273),
(271, '-', 274),
(272, '-', 275),
(273, '-', 276),
(274, '-', 277),
(275, '-', 278),
(276, '-', 279),
(277, '-', 280),
(278, '-', 281),
(279, '-', 282),
(280, '-', 283),
(281, '-', 284),
(282, '-', 285),
(283, '-', 286),
(284, '-', 287),
(285, '-', 288),
(286, '-', 289),
(287, '-', 290),
(288, '-', 291),
(289, '-', 292),
(290, '-', 293),
(291, '-', 294),
(292, '-', 295),
(293, '-', 296),
(294, '-', 297),
(295, '-', 298),
(296, '-', 299),
(297, '-', 300),
(298, '-', 301),
(299, '-', 302),
(300, '-', 303),
(301, '-', 304),
(302, '-', 305),
(303, '-', 306),
(304, '-', 307),
(305, '-', 308),
(306, '-', 309),
(307, '-', 310),
(308, '-', 311),
(309, '-', 312),
(310, '-', 313),
(311, '-', 314),
(312, '-', 315),
(313, '-', 316),
(314, '-', 317),
(315, '-', 318),
(316, '-', 319),
(317, '-', 320),
(318, '-', 321),
(319, '-', 322),
(320, '-', 323),
(321, '-', 324),
(322, '-', 325),
(323, '-', 326),
(324, '-', 327),
(325, '-', 328),
(326, '-', 329),
(327, '-', 330),
(328, '-', 331),
(329, '-', 332),
(330, '-', 333),
(331, '-', 334),
(332, '-', 335),
(333, '-', 336),
(334, '-', 337),
(335, '-', 338),
(336, '-', 339),
(337, '-', 340),
(338, '-', 341),
(339, '-', 342),
(340, '-', 343),
(341, '-', 344),
(342, '-', 345),
(343, '-', 346),
(344, '-', 347),
(345, '-', 348),
(346, '-', 349),
(347, '-', 350),
(348, '-', 351),
(349, '-', 352),
(350, '-', 353),
(351, '-', 354),
(352, '-', 355),
(353, '-', 356),
(354, '-', 357),
(355, '-', 358),
(356, '-', 359),
(357, '-', 360),
(358, '-', 361),
(359, '-', 362),
(360, '-', 363),
(361, '-', 364),
(362, '-', 365),
(363, '-', 366),
(364, '-', 367),
(365, '-', 368),
(366, '-', 369),
(367, '-', 370),
(368, '-', 371),
(369, '-', 372),
(370, '-', 373),
(371, '-', 374),
(372, '-', 375),
(373, '-', 376),
(374, '-', 377),
(375, '-', 378),
(376, '-', 379),
(377, '-', 380),
(378, '-', 381),
(379, '-', 382),
(380, '-', 383),
(381, '-', 384),
(382, '-', 385),
(383, '-', 386),
(384, '-', 387),
(385, '-', 388),
(386, '-', 389),
(387, '-', 390),
(388, '-', 390),
(389, '-', 391),
(390, '-', 392),
(391, '-', 393),
(392, '-', 394),
(393, '-', 395),
(394, '-', 396),
(395, '-', 397),
(396, '-', 398),
(397, '-', 399),
(398, '-', 400),
(399, '-', 401),
(400, '-', 402),
(401, '-', 403),
(402, '-', 404),
(403, '-', 405),
(404, '-', 406),
(405, '-', 407),
(406, '-', 408),
(407, '-', 409),
(408, '-', 410),
(409, '-', 411),
(410, '-', 412),
(411, '-', 413),
(412, '-', 414),
(413, '-', 415),
(414, '-', 416),
(415, '-', 417),
(416, '-', 418),
(417, '-', 419),
(418, '-', 420),
(419, '-', 421),
(420, '-', 422),
(421, '-', 423),
(422, '-', 424),
(423, '-', 425),
(424, '-', 426),
(425, '-', 427),
(426, '-', 428),
(427, '-', 429),
(428, '-', 430),
(429, '-', 431),
(430, '-', 432),
(431, '-', 433),
(432, '-', 434),
(433, '-', 435),
(434, '-', 436),
(435, '-', 437),
(436, '-', 438),
(437, '-', 439),
(438, '-', 440),
(439, '-', 441),
(440, '-', 442),
(441, '-', 443),
(442, '-', 444),
(443, '-', 445),
(444, '-', 446),
(445, '-', 447),
(446, '-', 448),
(447, '-', 449),
(448, '-', 450),
(449, '-', 451),
(450, '-', 452),
(451, '-', 453),
(452, '-', 454),
(453, '-', 455),
(454, '-', 456),
(455, '-', 457),
(456, '-', 458),
(457, '-', 459),
(458, '-', 460),
(459, '-', 461),
(460, '-', 462),
(461, '-', 463),
(462, '-', 464),
(463, '-', 465),
(464, '-', 466),
(465, '-', 467),
(466, '-', 468),
(467, '-', 469),
(468, '-', 470),
(469, '-', 471),
(470, '-', 472),
(471, '-', 473),
(472, '-', 474),
(473, '-', 475),
(474, '-', 476),
(475, '-', 476),
(476, '-', 477),
(477, '-', 478),
(478, '-', 479),
(479, '-', 480),
(480, '-', 481),
(481, '-', 482),
(482, '-', 483),
(483, '-', 484),
(484, '-', 485),
(485, '-', 486),
(486, '-', 487),
(487, '-', 488),
(488, '-', 489),
(489, '-', 490),
(490, '-', 491),
(491, '-', 492),
(492, '-', 493),
(493, '-', 494),
(494, '-', 495),
(495, '-', 496),
(496, '-', 497),
(497, '-', 498),
(498, '-', 499),
(499, '-', 500),
(500, '-', 501),
(501, '-', 502),
(502, '-', 503),
(503, '-', 504),
(504, '-', 505),
(505, '-', 506),
(506, '-', 507),
(507, '-', 508),
(508, '-', 509),
(509, '-', 510),
(510, '-', 511),
(511, '-', 512),
(512, '-', 513),
(513, '-', 514),
(514, '-', 515),
(515, '-', 516),
(516, '-', 517),
(517, '-', 518),
(518, '-', 519),
(519, '-', 520),
(520, '-', 521),
(521, '-', 522),
(522, '-', 523),
(523, '-', 524),
(524, '-', 525),
(525, '-', 526),
(526, '-', 527),
(527, '-', 528),
(528, '-', 529),
(529, '-', 530),
(530, '-', 531),
(531, '-', 532),
(532, '-', 533),
(533, '-', 534),
(534, '-', 535),
(535, '-', 536),
(536, '-', 537),
(537, '-', 538),
(538, '-', 539),
(539, '-', 540),
(540, '-', 541),
(541, '-', 542),
(542, '-', 543),
(543, '-', 544),
(544, '-', 545),
(545, '-', 546),
(546, '-', 547),
(547, '-', 548),
(548, '-', 549),
(549, '-', 550),
(550, '-', 551),
(551, '-', 552),
(552, '-', 553),
(553, '-', 554),
(554, '-', 555),
(555, '-', 556),
(556, '-', 557),
(557, '-', 558),
(558, '-', 559),
(559, '-', 560),
(560, '-', 561),
(561, '-', 562),
(562, '-', 563),
(563, '-', 564),
(564, '-', 565),
(565, '-', 566),
(566, '-', 567),
(567, '-', 568),
(568, '-', 569),
(569, '-', 570),
(570, '-', 571),
(571, '-', 572),
(572, '-', 573),
(573, '-', 574),
(574, '-', 575),
(575, '-', 576),
(576, '-', 577),
(577, '-', 578),
(578, '-', 579),
(579, '-', 580),
(580, '-', 581),
(581, '-', 582),
(582, '-', 583),
(583, '-', 584),
(584, '-', 585),
(585, '-', 586),
(586, '-', 587),
(587, '--', 588),
(588, '-', 589),
(589, '-', 590),
(590, '-', 591),
(591, '-', 592),
(592, '-', 593),
(593, '-', 594),
(594, '-', 595),
(595, '-', 596),
(596, '-', 597),
(597, '-', 598),
(598, '-', 599),
(599, '-', 600),
(600, '-', 601),
(601, '-', 602),
(602, '-', 603),
(603, '-', 604),
(604, '-', 605),
(605, '-', 606),
(606, '-', 607),
(607, '-', 608),
(608, '-', 609),
(609, '-', 610),
(610, '-', 611),
(611, '-', 612),
(612, '-', 613),
(613, '-', 614),
(614, '-', 615),
(615, '-', 616),
(616, '-', 617),
(617, '-', 618),
(618, '-', 619),
(619, '-', 620),
(620, '-', 621),
(621, '-', 622),
(622, '-', 623),
(623, '-', 624),
(624, '-', 625),
(625, '-', 626),
(626, '-', 627),
(627, '-', 628),
(628, '-', 629),
(629, '-', 630),
(630, '-', 631),
(631, '-', 632),
(632, '-', 633),
(633, '-', 634),
(634, '-', 635),
(635, '-', 636),
(636, '-', 637),
(637, '-', 638),
(638, '-', 639),
(639, '-', 640),
(640, '-', 641),
(641, '-', 642),
(642, '-', 643),
(643, '-', 644),
(644, '-', 645),
(645, '-', 646),
(646, '-', 647),
(647, '-', 648),
(648, '-', 649),
(649, '-', 650),
(650, '-', 651),
(651, '-', 652),
(652, '-', 653),
(653, '-', 654),
(654, '-', 655),
(655, '-', 656),
(656, '-', 657),
(657, '-', 658),
(658, '-', 659),
(659, '-', 660),
(660, '-', 661),
(661, '-', 662),
(662, '-', 663),
(663, '-', 664),
(664, '-', 665),
(665, '-', 666),
(666, '-', 667),
(667, '-', 668),
(668, '-', 669),
(669, '-', 670),
(670, '-', 671),
(671, '-', 672),
(672, '-', 673),
(673, '-', 674),
(674, '-', 675),
(675, '-', 676),
(676, '-', 677),
(677, '-', 678),
(678, '-', 679),
(679, '-', 680),
(680, '-', 681),
(681, '-', 682),
(682, '-', 683),
(683, '-', 684),
(684, '-', 685),
(685, '-', 686),
(686, '-', 687),
(687, '-', 688),
(688, '-', 689),
(689, '-', 690),
(690, '-', 691),
(691, '-', 692),
(692, '-', 693),
(693, '-', 694),
(694, '-', 695),
(695, '-', 696),
(696, '-', 697),
(697, '-', 698),
(698, '-', 699),
(699, '-', 700),
(700, '-', 701),
(701, '-', 702),
(702, '-', 703),
(703, '-', 704),
(704, '-', 705),
(705, '-', 706),
(706, '-', 707),
(707, '-', 708),
(708, '-', 709),
(709, '-', 710),
(710, '-', 711),
(711, '-', 712),
(712, '-', 713),
(713, '-', 714),
(714, '-', 715),
(715, '-', 716),
(716, '-', 717),
(717, '-', 718),
(718, '-', 719),
(719, '-', 720),
(720, '-', 721),
(722, '-', 723),
(723, '-', 724),
(724, '-', 726),
(725, '-', 12),
(726, 'no records found', 13),
(727, '-', 727),
(728, 'no records found', 728);

-- --------------------------------------------------------

--
-- Table structure for table `synonyms`
--

CREATE TABLE IF NOT EXISTS `synonyms` (
  `synonyms_id` int(11) NOT NULL AUTO_INCREMENT,
  `synonym_name` varchar(45) DEFAULT NULL,
  `reference_number` int(11) NOT NULL,
  `reference_code` varchar(45) NOT NULL,
  `species_taxon_id` int(11) NOT NULL,
  PRIMARY KEY (`synonyms_id`)
) ENGINE=InnoDB DEFAULT CHARSET=latin1 AUTO_INCREMENT=1 ;

-- --------------------------------------------------------

--
-- Table structure for table `table_order`
--

CREATE TABLE IF NOT EXISTS `table_order` (
  `order_id` int(11) NOT NULL AUTO_INCREMENT,
  `order_name` varchar(45) DEFAULT NULL,
  `class_class_id` int(11) NOT NULL,
  PRIMARY KEY (`order_id`),
  KEY `fk_table_order_class1` (`class_class_id`)
) ENGINE=InnoDB  DEFAULT CHARSET=latin1 AUTO_INCREMENT=63 ;

--
-- Dumping data for table `table_order`
--

INSERT INTO `table_order` (`order_id`, `order_name`, `class_class_id`) VALUES
(1, 'Rubiales', 1),
(2, 'Lamiales', 1),
(3, 'Gentianales', 1),
(4, 'Scrophulariales', 1),
(5, 'Asterales', 1),
(6, 'Plumbaginales', 1),
(7, 'Solanales', 1),
(8, 'Liliales', 1),
(9, 'Dipsacales', 1),
(10, 'Ericales', 1),
(11, 'Apiales', 1),
(12, 'Ebenales', 1),
(13, 'Plantaginales', 1),
(14, 'Alismatales', 2),
(15, 'Dioscoreales', 3),
(16, 'Asparagales', 3),
(17, 'Ciconiiformes', 4),
(18, 'Malpighiales', 1),
(19, 'Myrtales', 1),
(20, 'Malvales', 1),
(21, 'Lecythidales', 1),
(22, 'Cucurbitales', 1),
(23, 'Sapindales', 1),
(24, 'Rosales', 1),
(25, 'Vitales', 3),
(26, 'Cornales', 1),
(27, 'Fabales', 1),
(28, 'Polygalales', 1),
(29, 'Geraniales', 1),
(30, 'Celastrales', 1),
(31, 'Huerteales', 2),
(32, 'Crossosomatales', 1),
(33, 'Aquifoliales', 2),
(34, 'Icacinales', 1),
(35, 'Oxalidales', 2),
(36, 'Violales', 1),
(37, 'Pandanales', 3),
(38, 'Artiodactyla', 5),
(39, 'Chiroptera', 5),
(40, 'Passeriformes', 4),
(41, 'Falconiformes', 4),
(42, 'Columbiformes', 4),
(43, 'Psittaciformes', 4),
(44, 'Cuculiformes', 4),
(45, 'Strigiformes', 4),
(46, 'Coraciiformes', 4),
(47, 'Bucerotiformes', 4),
(48, 'Piciformes', 4),
(49, 'Anura', 6),
(50, 'Urticales', 1),
(51, 'Laurales', 1),
(52, 'Arecales', 3),
(53, 'Polypodiales', 7),
(54, 'Magnoliales', 1),
(55, 'Dilleniales', 1),
(56, 'Fagales', 1),
(57, 'Poales', 1),
(58, 'Hymenophyllales', 7),
(59, 'Lycopodiales', 8),
(60, 'Marattiales', 9),
(61, 'Selaginellales', 10),
(62, 'Commelinales', 3);

-- --------------------------------------------------------

--
-- Table structure for table `useraccounts`
--

CREATE TABLE IF NOT EXISTS `useraccounts` (
  `Account_id` int(11) NOT NULL AUTO_INCREMENT,
  `username` varchar(45) DEFAULT NULL,
  `password` varchar(45) DEFAULT NULL,
  `email` varchar(45) DEFAULT NULL,
  `gender` varchar(45) DEFAULT NULL,
  `birthday` varchar(45) DEFAULT NULL,
  `location` varchar(45) DEFAULT NULL,
  `firstname` varchar(45) DEFAULT NULL,
  `middlename` varchar(45) DEFAULT NULL,
  `lastname` varchar(45) DEFAULT NULL,
  `approval` tinyint(1) NOT NULL,
  `role` varchar(10) NOT NULL,
  PRIMARY KEY (`Account_id`)
) ENGINE=InnoDB  DEFAULT CHARSET=latin1 AUTO_INCREMENT=11 ;

--
-- Dumping data for table `useraccounts`
--

INSERT INTO `useraccounts` (`Account_id`, `username`, `password`, `email`, `gender`, `birthday`, `location`, `firstname`, `middlename`, `lastname`, `approval`, `role`) VALUES
(1, 'grace', 'graxia', 'gp@yahoo.com', 'female', 'august 24, 1992', 'Los Banos', 'Grace', 'Menor', 'Primavera', 1, 'guest'),
(10, 'admin', 'admin', 'admin@gmail.com', 'male', '01-01-1990', 'Los Banos', 'Admin', 'Admin', 'Admin', 1, 'admin');

-- --------------------------------------------------------

--
-- Table structure for table `vernacular_name`
--

CREATE TABLE IF NOT EXISTS `vernacular_name` (
  `vernacular_name_id` int(11) NOT NULL AUTO_INCREMENT,
  `vernacular_name` varchar(255) DEFAULT NULL,
  `species_taxon_id` int(11) NOT NULL,
  `reference_code` varchar(45) NOT NULL,
  `reference_number` int(11) NOT NULL,
  PRIMARY KEY (`vernacular_name_id`)
) ENGINE=InnoDB  DEFAULT CHARSET=latin1 AUTO_INCREMENT=160 ;

--
-- Dumping data for table `vernacular_name`
--

INSERT INTO `vernacular_name` (`vernacular_name_id`, `vernacular_name`, `species_taxon_id`, `reference_code`, `reference_number`) VALUES
(1, 'Dona Trining (Tag.)', 1, 'B', 1),
(2, 'Senorita (Sp.)', 25, 'B', 1),
(3, 'Kahoi-dalaga (Sbl., Tag.)', 34, 'B', 1),
(4, 'Talig-harap (Tag.)', 163, 'B', 1),
(5, 'Butingad (Neg.)', 2, 'B', 1),
(6, 'Balasan (Bag.)', 138, 'B', 1),
(9, 'Merabatuni (Neg.)', 726, 'B', 1),
(10, 'Katagpo (Pamp., Tag.)', 140, 'B', 1),
(11, 'Tatanok (Sb.)', 251, 'B', 1),
(12, 'Canalete prieto  (Tag.)', 3, 'B', 1),
(13, 'Anonang (Bik., Bis., Ibn., Tag.)', 174, 'B', 1),
(14, 'Dita (Bis., Tag.)', 4, 'B', 1),
(15, 'Batino (Bik., Pang., Tag.)', 100, 'B', 1),
(16, 'Yellow oleander (Engl.)', 5, 'B', 1),
(17, 'Palis (Tag.)', 6, 'B', 1),
(18, 'Atimla, Magilig (Tag.)', 181, 'B', 1),
(19, 'Anayop (Bon., Ig.)', 182, 'B', 1),
(20, 'Tambalabasi (Tag.)', 183, 'B', 1),
(21, 'Tubang-dalag (Tag.)', 184, 'B', 1),
(22, 'Black-eyed Susan (Engl.)', 7, 'B', 1),
(23, 'Kalkaloag (Ilk.)', 23, 'B', 1),
(24, 'Sky flower (Engl.)', 249, 'B', 1),
(25, 'Baton (Tag.)', 8, 'B', 1),
(26, 'False jasmine, Forget-me-not (Engl.)', 9, 'B', 1),
(27, 'Laurel (Bik.,Sp.,Tag.)', 65, 'B', 1),
(28, 'Panting-panting (Mag.)', 65, 'B', 1),
(29, 'Red plumbago (Engl.)', 65, 'B', 1),
(30, 'Jacaranda (Engl.)', 10, 'B', 1),
(31, 'Pamulaklakin (Tag.)', 11, 'B', 1),
(32, 'Burma conkhead (Engl.)', 12, 'B', 1),
(33, 'Strychnos tree (Engl.)', 26, 'B', 1),
(34, 'Tuhod-manok (Tag.)', 214, 'B', 1),
(35, 'Dahon-kintab (Tag.)', 14, 'B', 1),
(36, 'Susilad (Tag.)', 173, 'B', 1),
(37, 'Red jacobinia (Engl.)', 17, 'B', 1),
(38, 'Daram (Ig.)', 19, 'B', 1),
(39, 'Solasi (Tag.)', 20, 'B', 1),
(40, 'Balanoi (Tag.)', 30, 'B', 1),
(41, 'Flor de Liza (Sp.)', 21, 'B', 1),
(42, 'Cherry vine (Engl.)', 21, 'B', 1),
(43, 'Sausage tree (Engl.)', 22, 'B', 1),
(44, 'Uoko (Bon.)', 36, 'B', 1),
(45, 'Alipinay (Tag.)', 37, 'B', 1),
(46, 'Lisak (Tag.)', 38, 'B', 1),
(47, 'Brazilian bower plant (Engl.)', 29, 'B', 1),
(48, 'Sarsaparilla (Tag.)', 27, 'B', 1),
(49, 'Japanese honeysuckle (Engl.)', 28, 'B', 1),
(50, 'Bansalagin (Tag.)', 39, 'B', 1),
(51, 'Malak-malak (Tag.)', 40, 'B', 1),
(52, 'Balibatbat (Mbo.)', 41, 'B', 1),
(53, 'Kalang-kalang (Bis.)', 42, 'B', 1),
(54, 'Galamai-amo (Tag.)', 43, 'B', 1),
(55, 'Malapapaya (Bis.,Pang.,Tag.)', 44, 'B', 1),
(56, 'Ayum (C. Bis.)', 45, 'B', 1),
(57, 'Miagos (Tag.)', 46, 'B', 1),
(58, 'Kamen (Ilk.)', 48, 'B', 1),
(59, 'Vidal''s rhododendron (Engl.)', 49, 'B', 1),
(60, 'Kutmu (Ig.)', 50, 'B', 1),
(61, 'Tenge (Bon.)', 51, 'B', 1),
(62, 'Maniknik (Tag.,Tbl.)', 69, 'B', 1),
(63, 'Duklitan (Tag.)', 70, 'B', 1),
(64, 'Alakaak (Tag.)', 71, 'B', 1),
(65, 'Tagatoi-lalaki (Tag.)', 72, 'B', 1),
(66, 'Palak-palak (Tag.)', 73, 'B', 1),
(67, 'Nato (P. Bis., Tag.)', 74, 'B', 1),
(68, 'Betis (Bik., Pamp., Tag.)', 75, 'B', 1),
(69, 'Talang-gubat (Tag.)', 76, 'B', 1),
(70, 'Kamagong, Mabolo (Bis., Mbo., Pamp., Pang., Sbl., Tag.)', 77, 'B', 1),
(71, 'Kanomai (Tag.)', 78, 'B', 1),
(72, 'Sapote negro (Tag.)', 79, 'B', 1),
(73, 'Tamil (Mag.)', 80, 'B', 1),
(74, 'Bolong-eta (Ibn.)', 84, 'B', 1),
(75, 'Anona (Tag.)', 81, 'B', 1),
(76, 'Prickly jasmine (Engl.)', 82, 'B', 1),
(77, 'Kaipan (Ig.)', 85, 'B', 1),
(78, 'Himamaliw-gubat (Tag.)', 86, 'B', 1),
(79, 'Agosip (Tag.)', 87, 'B', 1),
(80, 'Jasmin (Tag.)', 88, 'B', 1),
(81, 'Sampaguitang-gubat (Tag.)', 89, 'B', 1),
(82, 'Dauingan (Ig.)', 90, 'B', 1),
(83, 'Katilug (Ig.)', 91, 'B', 1),
(84, 'Kurutan (Tag.)', 92, 'B', 1),
(85, 'Karaksan (Tag.)', 93, 'B', 1),
(86, 'Malabatino (Tag.)', 99, 'B', 1),
(87, 'Taliknono (Tag.)', 97, 'B', 1),
(88, 'Upong-upong-balagon (S.L.-Bis.)', 98, 'B', 1),
(89, 'Tayoto (Tag.)', 94, 'B', 1),
(90, 'Baraibai (Tag.)', 101, 'B', 1),
(91, 'Chichirica (Sp.)', 102, 'B', 1),
(92, 'Madagascar periwinkle (Engl.)', 102, 'B', 1),
(93, 'Bayag-kambing (Tag.)', 103, 'B', 1),
(94, 'Pandakaking-gubat (Tag.)', 104, 'B', 1),
(95, 'Villamil''s nato (Engl.)', 67, 'B', 1),
(96, 'Hingiw-na-puti (Tag.)', 113, 'B', 1),
(97, 'Hinggiw-kalabau (Tag.)', 114, 'B', 1),
(98, 'Merrill''s hinggiw (Tag.)', 115, 'B', 1),
(99, 'Loher''s hinggiw (Tag.)', 116, 'B', 1),
(100, 'Kalalaki (Ilk.)', 117, 'B', 1),
(101, 'Abuhab-baging (Tag.)', 108, 'B', 1),
(102, 'Sandak (Ilk.)', 109, 'B', 1),
(103, 'Malamalaumau (S.-L. Bis.)', 110, 'B', 1),
(104, 'Hinggiw (Tag.)', 111, 'B', 1),
(105, 'Kabansal (Bag.)', 112, 'B', 1),
(106, 'Rosa de hielo (Sp.)', 267, 'B', 1),
(107, 'Bayag-usa (Bik., Tag.)', 105, 'B', 1),
(108, 'Pasnit (Ilk.)', 106, 'B', 1),
(109, 'Laneteng-gubat (Tag.)', 107, 'B', 1),
(110, 'Sampaguita (Tag.)', 261, 'B', 1),
(111, 'Tagulabas (Tag.)', 118, 'B', 1),
(112, 'Laknit (Bag.)', 119, 'B', 1),
(113, 'Aringit (Bik.)', 120, 'B', 1),
(114, 'Dapong-baba (Tag.)', 121, 'B', 1),
(115, 'Shooting star (Engl.)', 121, 'B', 1),
(116, 'Dapo-boho (Tag.)', 122, 'B', 1),
(117, 'Dapo-sa-boho (Tag.)', 123, 'B', 1),
(118, 'Talokop (S.-L. Bis.)', 255, 'B', 1),
(119, 'Kalipkip (Tag.)', 255, 'B', 1),
(120, 'Milkweed (Engl.)', 124, 'B', 1),
(121, 'Biniguasan (Tag.)', 125, 'B', 1),
(122, 'Asas (Tag.)', 126, 'B', 1),
(123, 'Kahan (Tag.)', 127, 'B', 1),
(124, 'Santan-puti (Tag.)', 128, 'B', 1),
(125, 'Mako-makopahan (Tag.)', 129, 'B', 1),
(126, 'Mayanman (P. Bis.)', 130, 'B', 1),
(127, 'Gusokan (C. Bis.)', 131, 'B', 1),
(130, 'Nino (Bik., P. Bis., Sul., Tag.)', 727, 'B', 1),
(131, 'Nino-baging (Tag.)', 133, 'B', 1),
(132, 'Hydnophytum (Engl.)', 134, 'B', 1),
(133, 'Bahay-langgam (Tag.)', 135, 'B', 1),
(134, 'Kantutai (Tag.)', 136, 'B', 1),
(135, 'Taytay (Tag.)', 137, 'B', 1),
(136, 'Malimatoi (Mbo.)', 141, 'B', 1),
(137, 'Kublit (Ig.)', 142, 'B', 1),
(138, 'Kabak (Mbo.)', 143, 'B', 1),
(139, 'Bungkawit (Tag.)', 145, 'B', 1),
(140, 'Manawai (Tag.)', 146, 'B', 1),
(141, 'Kilap (Tag.)', 147, 'B', 1),
(142, 'Sabilan (Mbo.)', 148, 'B', 1),
(143, 'Mambog (P. Bis., Pamp., Pang., Sbl., Tag.)', 149, 'B', 1),
(144, 'Bangkal (Ilk., Tag.)', 144, 'B', 1),
(145, 'Adina (Engl.)', 150, 'B', 1),
(146, 'Ludek (Neg.)', 151, 'B', 1),
(147, 'Tumarau (Bik.)', 161, 'B', 1),
(148, 'Busokan-buhokan (C. Bis.)', 162, 'B', 1),
(149, 'Payang-payang-gubat (Tag.)', 164, 'B', 1),
(150, 'Magdadakan (S.-L. Bis.)', 165, 'B', 1),
(151, 'Malbog (Tag.)', 168, 'B', 1),
(152, 'Saladai (Bis.)', 169, 'B', 1),
(153, 'Pararan (Bag.)', 170, 'B', 1),
(154, 'Burakan (S.-L. Bis.)', 171, 'B', 1),
(155, 'Malalakpit (Sul.)', 172, 'B', 1),
(156, 'Bagauak (Tag.)', 186, 'B', 1),
(157, 'Molawin baging (Tag.)', 179, 'B', 1),
(158, 'Tekla (Tag.)', 180, 'B', 1),
(159, 'Teak (Engl.)', 180, 'B', 1);

--
-- Constraints for dumped tables
--

--
-- Constraints for table `class`
--
ALTER TABLE `class`
  ADD CONSTRAINT `fk_class_phylum1` FOREIGN KEY (`phylum_phylum_id`) REFERENCES `phylum` (`phylum_id`) ON DELETE NO ACTION ON UPDATE NO ACTION;

--
-- Constraints for table `family`
--
ALTER TABLE `family`
  ADD CONSTRAINT `fk_family_table_order1` FOREIGN KEY (`table_order_order_id`) REFERENCES `table_order` (`order_id`) ON DELETE NO ACTION ON UPDATE NO ACTION;

--
-- Constraints for table `genus`
--
ALTER TABLE `genus`
  ADD CONSTRAINT `fk_genus_family1` FOREIGN KEY (`family_family_id`) REFERENCES `family` (`family_id`) ON DELETE NO ACTION ON UPDATE NO ACTION;

--
-- Constraints for table `kingdom`
--
ALTER TABLE `kingdom`
  ADD CONSTRAINT `fk_kingdom_domain1` FOREIGN KEY (`domain_domain_id`) REFERENCES `domain` (`domain_id`) ON DELETE NO ACTION ON UPDATE NO ACTION;

--
-- Constraints for table `phylum`
--
ALTER TABLE `phylum`
  ADD CONSTRAINT `fk_phylum_kingdom1` FOREIGN KEY (`kingdom_kingdom_id`) REFERENCES `kingdom` (`kingdom_id`) ON DELETE NO ACTION ON UPDATE NO ACTION;

--
-- Constraints for table `species`
--
ALTER TABLE `species`
  ADD CONSTRAINT `fk_species_genus1` FOREIGN KEY (`genus_genus_id`) REFERENCES `genus` (`genus_id`) ON DELETE NO ACTION ON UPDATE NO ACTION,
  ADD CONSTRAINT `fk_species_reference1` FOREIGN KEY (`reference_reference_id`) REFERENCES `reference` (`reference_id`) ON DELETE NO ACTION ON UPDATE NO ACTION;

--
-- Constraints for table `table_order`
--
ALTER TABLE `table_order`
  ADD CONSTRAINT `fk_table_order_class1` FOREIGN KEY (`class_class_id`) REFERENCES `class` (`class_id`) ON DELETE NO ACTION ON UPDATE NO ACTION;

/*!40101 SET CHARACTER_SET_CLIENT=@OLD_CHARACTER_SET_CLIENT */;
/*!40101 SET CHARACTER_SET_RESULTS=@OLD_CHARACTER_SET_RESULTS */;
/*!40101 SET COLLATION_CONNECTION=@OLD_COLLATION_CONNECTION */;
